2078
0 5.4350 -4.2550 2 5.4850 -4.2550 5.3850 -4.2050
1 5.4850 -4.2550 2 5.4350 -4.2550 5.4850 -4.2050
2 -4.7650 -2.2550 2 -4.8150 -2.2823 -4.5650 -2.1550
3 -6.6231 -2.1463 3 -6.5460 -2.1860 -6.6632 -2.1032 -6.6400 -2.1800
4 -6.4820 -2.2220 2 -6.5460 -2.1860 -6.2325 -2.3749
5 -6.5460 -2.1860 2 -6.6231 -2.1463 -6.4820 -2.2220
6 -0.3150 9.3950 1 -0.0900 8.7200
7 5.8064 -1.7210 3 6.3850 -2.1550 5.6823 -1.9405 5.8065 -1.7207
8 5.8065 -1.7207 3 5.8064 -1.7210 6.5913 -1.9300 5.8152 -1.6550
9 5.3822 -2.3327 3 5.1457 -2.5630 5.5350 -2.4550 5.4181 -2.2881
10 5.4181 -2.2881 2 5.3822 -2.3327 5.5392 -2.1456
11 -0.1022 7.9822 2 -0.4650 7.7941 -0.0269 8.0256
12 -1.5150 -4.1050 3 -1.5150 -4.2550 -0.8821 -2.8392 -1.6150 -4.2050
13 -7.0471 -1.3871 3 -7.0600 -1.3550 -7.0394 -1.4050 -7.8650 -2.2050
14 -4.8150 -4.2383 2 -4.8150 -2.2823 -4.5650 -3.6550
15 -4.8150 -2.2823 3 -4.8150 -4.2383 -4.7650 -2.2550 -5.0650 -2.3505
16 -4.5650 -3.6550 3 -4.8150 -4.2383 -4.5650 -2.1550 -4.2150 -2.9550
17 -4.2150 -2.9550 3 -4.5650 -3.6550 -4.2150 -3.4550 -3.8480 -2.0987
18 -4.5650 -2.1550 3 -4.7650 -2.2550 -4.5650 -3.6550 -4.0088 -1.8605
19 -4.2150 -3.4550 2 -4.2150 -2.9550 -4.1150 -3.3550
20 -6.2325 -2.3749 3 -6.4820 -2.2220 -6.1150 -2.3991 -6.2650 -2.5050
21 -7.6650 -2.2550 3 -7.9650 -2.4050 -7.8650 -2.2550 -7.5900 -2.2300
22 -6.8382 -1.8782 3 -6.8775 -1.8175 -6.7971 -1.9371 -7.5650 -2.6050
23 -3.5704 7.9180 3 -3.9483 7.5117 -3.7650 8.1450 -3.5522 7.9322
24 5.6823 -1.9405 3 5.8064 -1.7210 6.6350 -2.6550 5.5392 -2.1456
25 5.5392 -2.1456 3 5.6823 -1.9405 6.4850 -2.8550 5.4181 -2.2881
26 4.1850 -2.9033 2 4.0095 -2.9267 4.3100 -2.8887
27 5.0350 -4.4050 2 4.9850 -4.4050 5.0350 -4.3550
28 -1.5150 -4.2550 2 -1.4150 -4.1550 -1.5150 -4.1050
29 -7.0812 -1.3050 2 -7.0600 -1.3550 -7.0900 -1.2856
30 -7.0600 -1.3550 2 -7.0812 -1.3050 -7.0471 -1.3871
31 -7.0188 -1.4550 2 -7.0394 -1.4050 -6.8829 -1.8086
32 -7.0394 -1.4050 2 -7.0188 -1.4550 -7.0471 -1.3871
33 -5.3781 -2.4264 3 -5.0650 -2.3505 -5.3650 -2.5050 -5.4650 -2.4315
34 -5.0650 -2.3505 3 -5.3781 -2.4264 -5.0650 -4.0050 -4.8150 -2.2823
35 -5.4650 -2.4315 2 -5.5150 -2.4300 -5.3781 -2.4264
36 -5.9150 -2.4256 2 -5.7650 -2.4344 -6.0150 -2.4168
37 -5.7650 -2.4344 2 -5.9150 -2.4256 -5.7400 -2.4366
38 -5.7400 -2.4366 2 -5.7650 -2.4344 -5.7150 -2.4344
39 -5.5900 -2.4293 3 -5.5900 -1.5800 -5.6650 -2.4315 -5.5650 -2.4300
40 -5.5650 -2.4300 2 -5.5900 -2.4293 -5.5150 -2.4300
41 -5.5150 -2.4300 2 -5.4650 -2.4315 -5.5650 -2.4300
42 -5.3650 -2.5050 2 -5.3781 -2.4264 -5.0650 -4.0050
43 -5.0650 -4.0050 2 -5.0650 -2.3505 -5.3650 -2.5050
44 -4.0150 -3.4050 3 -4.1150 -3.5050 -4.0150 -3.5550 -3.5317 -2.4383
45 -4.1150 -3.5050 2 -4.1150 -3.3550 -4.0150 -3.4050
46 -4.1150 -3.3550 3 -4.2150 -3.4550 -4.1150 -3.5050 -3.6150 -2.3550
47 -6.0150 -2.4168 2 -5.9150 -2.4256 -6.1150 -2.3991
48 -6.1150 -2.3991 2 -6.2325 -2.3749 -6.0150 -2.4168
49 -6.2650 -2.5050 2 -6.4150 -2.8550 -6.2325 -2.3749
50 -6.6400 -2.1800 3 -6.6231 -2.1463 -7.3150 -2.8550 -6.7233 -2.3633
51 -7.1650 -3.0550 2 -7.1150 -3.0550 -7.1650 -3.0050
52 -6.8829 -1.8086 3 -6.8775 -1.8175 -7.0188 -1.4550 -7.1400 -1.9800
53 -6.8775 -1.8175 3 -6.8382 -1.8782 -6.8829 -1.8086 -7.6150 -2.5550
54 -6.6632 -2.1032 3 -6.7096 -2.0496 -6.6231 -2.1463 -7.3650 -2.8050
55 -6.7096 -2.0496 3 -6.6632 -2.1032 -6.7543 -1.9943 -7.4150 -2.7550
56 -6.7971 -1.9371 3 -6.8382 -1.8782 -6.7543 -1.9943 -7.5150 -2.6550
57 -6.7543 -1.9943 3 -6.7096 -2.0496 -6.7971 -1.9371 -7.4650 -2.7050
58 -7.4650 7.9950 3 -7.6650 8.1950 -7.3650 7.9950 -7.4650 7.8950
59 -7.2650 7.4950 3 -7.5150 7.7450 -7.4650 7.8950 -6.9450 7.0950
60 -7.4650 7.8950 3 -7.2650 7.4950 -7.5650 7.9950 -7.4650 7.9950
61 -7.5650 7.9950 3 -7.4650 7.8950 -7.5650 7.8450 -7.6650 8.1950
62 -6.1150 8.9950 3 -6.1150 8.8950 -6.3150 9.1950 -6.0650 8.9950
63 -6.3150 9.1950 2 -6.1150 8.9950 -6.2150 8.9950
64 -6.2150 8.0950 3 -6.4150 8.3950 -6.6650 8.5450 -6.0808 7.9161
65 -6.7150 8.2200 3 -6.7150 8.5450 -6.7400 8.2700 -6.5056 7.6964
66 6.5913 -1.9300 3 5.8065 -1.7207 6.8933 -2.1717 6.9600 -1.9300
67 6.8850 -2.4550 3 6.9850 -2.5550 6.6850 -2.3550 6.9850 -2.4550
68 6.9850 -2.5550 3 6.8850 -2.5550 6.8850 -2.4550 7.1850 -2.6550
69 6.7350 -3.6050 2 6.3350 -3.4050 6.4850 -3.3550
70 6.2350 -3.3050 3 6.3350 -3.4050 6.3850 -3.3050 6.0350 -3.2050
71 6.3350 -3.4050 3 6.2350 -3.3050 6.7350 -3.6050 6.2350 -3.4050
72 4.5710 -2.8780 3 4.6800 -2.8535 4.4350 -2.8825 4.5850 -2.9550
73 4.6800 -2.8535 3 4.5710 -2.8780 4.9508 -2.7208 4.8150 -3.0850
74 6.1395 -4.5459 2 6.0100 -4.3300 6.0850 -4.5050
75 5.1457 -2.5630 3 5.3822 -2.3327 5.7350 -3.0050 4.9508 -2.7208
76 4.9508 -2.7208 3 4.6800 -2.8535 5.1457 -2.5630 4.9850 -2.7550
77 5.3850 -4.2050 2 5.4350 -4.2550 5.3350 -4.1050
78 4.8850 -4.2550 2 4.9350 -4.3550 4.8600 -4.1800
79 -0.4196 -2.7642 3 -1.1650 -4.2550 -0.4770 -2.7091 -0.3821 -2.7978
80 -0.0305 -3.0205 2 -0.2875 -2.8701 0.0314 -3.0586
81 0.0314 -3.0586 2 0.0604 -3.0773 -0.0305 -3.0205
82 0.8788 -3.2927 3 1.1850 -3.2810 0.9850 -4.3550 0.6850 -3.2635
83 -0.4770 -2.7091 3 -0.8007 -2.8193 -0.4196 -2.7642 -0.4900 -1.9050
84 -0.8007 -2.8193 3 -0.8821 -2.8392 -1.0150 -3.3550 -0.4770 -2.7091
85 -0.8821 -2.8392 3 -1.5150 -4.1050 -0.8007 -2.8193 -1.1301 -2.8899
86 -0.0269 8.0256 3 0.1350 8.0837 -0.0900 8.7200 -0.1022 7.9822
87 -0.0900 8.7200 3 -0.3150 9.3950 -0.0900 9.2950 -0.0269 8.0256
88 -0.0900 9.2950 1 -0.0900 8.7200
89 0.4850 8.1884 3 0.2850 8.1318 0.4850 9.3450 0.4881 8.1889
90 -1.1650 -4.2550 3 -1.1650 -4.4050 -1.2650 -4.3550 -0.4196 -2.7642
91 -1.1650 -4.4050 2 -1.1650 -4.2550 -1.0650 -4.3050
92 -1.0150 -3.3550 3 -0.8007 -2.8193 -1.4150 -4.1550 -1.2650 -4.1050
93 -1.4150 -4.1550 3 -1.5150 -4.2550 -1.0150 -3.3550 -1.4150 -4.4050
94 -7.2400 -1.3550 2 -7.3400 -1.4050 -7.1338 -1.3050
95 -7.5541 -1.5237 3 -7.4337 -1.4550 -7.5713 -1.5300 -7.6150 -1.6050
96 -8.4150 -2.1550 3 -8.2150 -1.9550 -8.3150 -1.9550 -8.6150 -2.4550
97 -8.2150 -1.9550 3 -8.1650 -1.9550 -8.2150 -1.8550 -8.4150 -2.1550
98 -7.9650 -2.4050 3 -8.0400 -2.4300 -7.6650 -2.2550 -7.7650 -2.4050
99 -5.5900 -1.5800 2 -5.6400 -1.5300 -5.5900 -2.4293
100 -5.6400 -1.5300 3 -5.6400 -1.5050 -5.6650 -1.5550 -5.5900 -1.5800
101 -5.6400 -1.5050 1 -5.6400 -1.5300
102 -1.6150 -4.2050 2 -1.5150 -4.1050 -1.6150 -3.9550
103 -2.2900 -3.0425 3 -2.3317 -3.1883 -2.2900 -4.3675 -2.2647 -2.9287
104 -2.3317 -3.1883 3 -2.3650 -3.3550 -2.6150 -3.7550 -2.2900 -3.0425
105 -2.6150 -3.7550 3 -2.6150 -3.9050 -2.7150 -3.8550 -2.3317 -3.1883
106 -2.6150 -3.9050 3 -2.6150 -3.7550 -2.8983 -4.4717 -2.5150 -3.8050
107 -2.8676 -2.8405 3 -2.8150 -2.8522 -2.9150 -3.0300 -3.3150 -2.6300
108 -2.8983 -4.4717 3 -2.6150 -3.9050 -2.8150 -4.0550 -2.9150 -4.5300
109 -6.6150 -3.2550 2 -6.5150 -3.1550 -6.6650 -3.2550
110 -6.5150 -3.1550 2 -6.6150 -3.2550 -6.4817 -3.0217
111 -4.0150 -3.5550 2 -4.0150 -3.4050 -3.9150 -3.4550
112 -6.4817 -3.0217 3 -6.5150 -3.1550 -6.6650 -3.2050 -6.4150 -2.8550
113 -6.7150 -3.1550 3 -6.4150 -2.8550 -6.7150 -3.2050 -6.7650 -3.1550
114 -6.4150 -2.8550 3 -6.4817 -3.0217 -6.7150 -3.1550 -6.2650 -2.5050
115 -7.1150 -3.1050 2 -7.1150 -3.0550 -7.0650 -3.1050
116 -7.1150 -3.0550 3 -7.1650 -3.0550 -7.1150 -3.1050 -6.9317 -2.8717
117 -6.9317 -2.8717 3 -7.1150 -3.0550 -6.9650 -3.0050 -6.8650 -2.7050
118 -6.7233 -2.3633 3 -6.6400 -2.1800 -6.7650 -2.4675 -7.2650 -2.9050
119 -7.4150 -2.7550 3 -6.7096 -2.0496 -7.4650 -2.7550 -7.4150 -2.8050
120 1.9432 8.0155 3 2.3065 7.8165 2.0350 8.2450 1.6751 8.1252
121 1.4238 8.1944 3 1.5893 8.1557 1.4850 8.4700 1.3350 8.1981
122 -7.7150 7.7450 3 -7.7150 7.7950 -7.7650 7.7450 -6.9800 7.0100
123 -8.3650 5.1950 1 -8.2650 5.2450
124 -7.1711 5.2950 2 -7.1752 5.3450 -7.1681 5.2450
125 -7.1752 5.3450 2 -7.1711 5.2950 -7.1803 5.3950
126 -7.1650 8.6450 2 -6.9650 8.4450 -7.0650 8.4450
127 -6.9650 8.4450 3 -7.1650 8.6450 -6.9150 8.4450 -6.9650 8.3450
128 -6.2150 8.9950 3 -6.1150 8.8950 -6.2150 8.8950 -6.3150 9.1950
129 -6.2150 8.8950 3 -6.2150 8.9950 -6.0150 8.6950 -6.2650 8.8950
130 -6.1150 8.8950 3 -6.2150 8.9950 -6.0150 8.6950 -6.1150 8.9950
131 -6.0150 8.6950 3 -6.2150 8.8950 -6.1150 8.8950 -5.8900 8.5075
132 -6.6150 8.5950 3 -6.4150 8.3950 -6.6650 8.5950 -6.6150 8.6950
133 -6.4150 8.3950 3 -6.6150 8.5950 -6.2150 8.0950 -6.5150 8.5950
134 -6.2650 8.4950 3 -6.4650 8.6950 -6.3650 8.6950 -5.9260 7.9865
135 -6.4650 8.6950 3 -6.2650 8.4950 -6.4650 8.7950 -6.5150 8.6950
136 -6.9650 8.8950 2 -6.9150 8.7700 -6.6650 8.5950
137 -6.6650 8.5950 3 -6.6150 8.5950 -6.6650 8.5450 -6.9650 8.8950
138 -6.6650 8.5450 3 -6.2150 8.0950 -6.6650 8.5950 -6.7150 8.5450
139 -6.7150 8.5450 3 -6.8900 8.7200 -6.7150 8.2200 -6.6650 8.5450
140 -6.9150 8.4450 3 -6.7400 8.2700 -6.9150 8.7700 -6.9650 8.4450
141 -6.7400 8.2700 3 -6.9150 8.4450 -6.8900 8.7200 -6.7150 8.2200
142 -6.9150 8.7700 3 -6.9150 8.4450 -6.8900 8.7200 -6.9650 8.8950
143 -6.8900 8.7200 3 -6.7400 8.2700 -6.9150 8.7700 -6.7150 8.5450
144 -6.0650 8.9950 2 -6.1150 8.9950 -5.9900 8.9200
145 -5.8900 8.5075 3 -5.8900 8.5950 -6.0150 8.6950 -5.8817 8.4617
146 -5.8900 8.5950 3 -5.8900 8.5075 -5.9150 8.6950 -5.6650 9.4950
147 -5.8817 8.4617 3 -5.8483 8.3283 -6.2650 8.8450 -5.8900 8.5075
148 -5.8483 8.3283 3 -6.3150 8.7950 -5.8817 8.4617 -5.7615 8.0463
149 -4.1150 9.3950 2 -4.1150 9.2450 -4.0150 9.2950
150 -3.7650 8.1450 3 -4.5150 8.8950 -3.5704 7.9180 -4.2650 8.8950
151 -4.5150 8.8950 3 -3.7650 8.1450 -4.7150 9.0450 -4.5150 9.0950
152 -3.6085 8.2341 3 -3.6793 8.6236 -3.6150 8.2450 -3.5219 7.9571
153 -3.7150 9.1450 2 -3.7650 9.2950 -3.7150 8.9450
154 5.8100 3.6950 2 5.8100 3.7450 5.8100 3.6450
155 5.7956 3.9950 2 5.7898 4.0450 5.8004 3.9450
156 5.7898 4.0450 2 5.7956 3.9950 5.7850 4.0807
157 7.2850 -2.0050 2 7.2232 -1.9638 7.4850 -2.0050
158 7.3767 -2.3883 2 7.1850 -2.0050 7.3600 -2.3800
159 7.1850 -2.0050 3 7.3767 -2.3883 7.1850 -2.2050 7.1736 -1.9709
160 7.5850 -1.8550 2 7.5350 -1.8050 7.4850 -1.8550
161 7.0850 -2.3550 3 6.9100 -2.1800 7.2850 -2.3550 7.0850 -2.4550
162 6.8933 -2.1717 3 6.5913 -1.9300 6.9850 -2.3550 6.9100 -2.1800
163 6.9100 -2.1800 3 7.0850 -2.3550 6.9850 -2.2050 6.8933 -2.1717
164 7.1850 -2.2050 3 6.9850 -2.2050 7.3600 -2.3800 7.1850 -2.0050
165 6.9850 -2.2050 3 7.1850 -2.2050 7.2850 -2.3550 6.9100 -2.1800
166 7.3600 -2.3800 3 7.1850 -2.2050 7.2850 -2.3550 7.3767 -2.3883
167 7.2850 -2.3550 3 6.9850 -2.2050 7.3600 -2.3800 7.0850 -2.3550
168 5.8350 -0.5050 2 5.8350 -0.5550 5.8350 -0.4550
169 6.8350 -2.6050 3 6.8850 -2.6050 6.3850 -2.1550 6.8350 -2.6550
170 6.8850 -2.6050 2 6.8350 -2.6050 6.8850 -2.5550
171 6.8850 -2.5550 3 6.8850 -2.6050 6.6850 -2.3550 6.9850 -2.5550
172 6.3850 -2.1550 3 6.8350 -2.6050 6.6850 -2.3550 5.8064 -1.7210
173 6.6850 -2.3550 3 6.8850 -2.5550 6.3850 -2.1550 6.8850 -2.4550
174 6.4350 -3.2550 3 5.9350 -2.7550 6.4850 -3.3550 6.4350 -3.1050
175 6.4850 -3.3550 3 6.4350 -3.2550 6.3850 -3.3050 6.7350 -3.6050
176 6.3850 -3.3050 3 6.4850 -3.3550 5.5350 -2.4550 6.2350 -3.3050
177 5.5350 -2.4550 3 6.3850 -3.3050 5.9350 -2.7550 5.3822 -2.3327
178 5.9350 -2.7550 3 6.4350 -3.2550 5.5350 -2.4550 6.3850 -3.0550
179 5.8350 -0.5550 2 5.8350 -0.5050 5.8350 -0.6050
180 5.8350 -0.6050 2 5.8350 -0.5550 5.8350 -0.6550
181 6.8350 -2.6550 3 7.2850 -3.1050 6.6350 -2.6550 6.8350 -2.6050
182 7.2850 -3.1050 2 6.8350 -2.6550 6.6850 -2.7050
183 6.6350 -2.6550 3 6.8350 -2.6550 6.6850 -2.7050 5.6823 -1.9405
184 6.6850 -2.7050 3 7.2850 -3.1050 6.6350 -2.6550 6.6850 -2.8550
185 4.4350 -2.8825 2 4.5710 -2.8780 4.3100 -2.8887
186 4.3100 -2.8887 3 4.3100 -1.4550 4.4350 -2.8825 4.1850 -2.9033
187 4.7100 -4.6300 3 4.6850 -4.5550 4.8600 -4.1800 4.5350 -4.4550
188 5.3350 -4.1050 2 5.3850 -4.2050 5.3100 -4.0300
189 5.9100 -4.1300 3 5.7350 -3.9550 5.8850 -4.0550 6.0100 -4.3300
190 6.0100 -4.3300 3 5.9100 -4.1300 6.1395 -4.5459 5.6850 -4.0050
191 5.7350 -3.9550 3 5.9100 -4.1300 5.7350 -3.7550 5.6850 -3.9550
192 5.9350 -3.8550 2 5.8850 -3.8550 5.9350 -3.8050
193 5.9350 -3.8050 3 5.7350 -3.6050 5.9350 -3.8550 6.0350 -3.8050
194 6.0350 -3.2050 3 6.2350 -3.3050 6.2350 -3.4050 5.7350 -3.0050
195 5.7350 -3.0050 3 5.1457 -2.5630 6.0350 -3.2050 6.1850 -3.4550
196 6.2350 -3.4050 3 6.3350 -3.4050 6.0350 -3.2050 6.2350 -3.4550
197 4.9850 -2.7550 3 5.6413 -3.5425 4.9508 -2.7208 5.5850 -3.2050
198 5.6413 -3.5425 3 5.7350 -3.6050 5.7100 -3.6800 4.9850 -2.7550
199 5.7350 -3.6050 3 5.6413 -3.5425 5.9350 -3.8050 5.9350 -3.7050
200 4.9850 -4.4050 2 4.9350 -4.3550 5.0350 -4.4050
201 4.9350 -4.3550 2 4.9850 -4.4050 4.8850 -4.2550
202 -1.0650 -4.3050 3 -1.1650 -4.4050 -0.6650 -3.5050 -1.0650 -4.5550
203 3.2350 -4.4050 2 3.2850 -4.5050 3.2100 -4.3300
204 3.2850 -4.5050 2 3.2350 -4.4050 3.3850 -4.6050
205 1.1850 -3.2810 2 1.3100 -3.2786 0.8788 -3.2927
206 0.9850 -4.3550 1 0.8788 -3.2927
207 -3.6150 -2.3550 3 -4.1150 -3.3550 -3.5317 -2.4383 -3.8480 -2.0987
208 -3.8480 -2.0987 3 -4.2150 -2.9550 -3.6150 -2.3550 -4.0088 -1.8605
209 -4.0088 -1.8605 3 -4.5650 -2.1550 -3.8480 -2.0987 -4.0081 -1.8550
210 -3.5317 -2.4383 4 -4.0150 -3.4050 -3.6150 -2.3550 -3.4483 -2.5217 -2.5650 -1.9550
211 0.2850 8.1318 2 0.4850 8.1884 0.2100 8.1092
212 0.6850 9.6450 2 0.5100 9.4700 0.6850 8.2267
213 0.4850 9.3450 2 0.4850 8.1884 0.5100 9.4700
214 0.5100 9.4700 2 0.4850 9.3450 0.6850 9.6450
215 -1.4150 -4.4050 2 -1.2650 -4.1050 -1.4150 -4.1550
216 -1.2650 -4.3550 2 -1.2650 -4.1050 -1.1650 -4.2550
217 -1.2650 -4.1050 3 -1.4150 -4.4050 -1.2650 -4.3550 -1.0150 -3.3550
218 -4.0150 3.4450 2 -4.0159 3.4950 -4.0150 3.3950
219 -4.0203 3.5950 2 -4.0238 3.6450 -4.0176 3.5450
220 -4.0150 3.3950 2 -4.0141 3.3450 -4.0150 3.4450
221 -4.0097 3.2450 2 -4.0062 3.1950 -4.0124 3.2950
222 -3.9755 2.9450 2 -3.9668 2.8950 -3.9834 2.9950
223 -3.9966 3.0950 2 -3.9904 3.0450 -4.0018 3.1450
224 -8.5650 -1.6300 2 -8.5150 -1.6300 -8.5817 -1.6383
225 -8.3650 -1.6550 2 -8.3150 -1.6717 -8.4150 -1.6550
226 -7.4337 -1.4550 2 -7.3400 -1.4050 -7.5541 -1.5237
227 -7.3400 -1.4050 2 -7.4337 -1.4550 -7.2400 -1.3550
228 -7.5713 -1.5300 2 -7.5541 -1.5237 -7.6950 -1.5850
229 -8.3150 -1.6717 2 -8.3650 -1.6550 -8.2436 -1.7193
230 -8.2436 -1.7193 3 -8.3150 -1.6717 -8.3150 -1.7550 -8.1900 -1.7300
231 -5.6650 -1.5550 2 -5.6650 -2.4315 -5.6400 -1.5300
232 -5.6650 -2.4315 3 -5.6650 -1.5550 -5.7150 -2.4344 -5.5900 -2.4293
233 -5.7150 -2.4344 2 -5.6650 -2.4315 -5.7400 -2.4366
234 -2.5150 -3.8050 2 -2.6150 -3.9050 -2.4400 -3.6550
235 -2.7150 -2.8661 3 -2.8150 -2.8522 -2.7150 -3.8550 -2.4650 -2.8939
236 -2.8150 -2.8522 3 -2.7150 -2.8661 -2.8150 -4.0550 -2.8676 -2.8405
237 -2.7150 -3.8550 3 -2.7150 -2.8661 -2.8150 -4.0550 -2.6150 -3.7550
238 -2.8150 -4.0550 3 -2.8150 -2.8522 -2.7150 -3.8550 -2.8983 -4.4717
239 -3.4483 -2.5217 3 -3.3622 -2.5994 -3.9150 -3.4550 -3.5317 -2.4383
240 -3.3622 -2.5994 3 -3.4483 -2.5217 -3.8150 -3.5050 -3.3400 -2.6175
241 -3.9150 -3.4550 3 -3.4483 -2.5217 -3.9150 -3.6050 -4.0150 -3.5550
242 -3.9150 -3.6050 2 -3.9150 -3.4550 -3.8150 -3.5050
243 -3.8150 -3.5050 3 -3.3622 -2.5994 -3.9150 -3.6050 -3.8150 -3.6550
244 -3.3150 -2.6300 3 -2.8676 -2.8405 -3.3150 -3.7550 -3.3400 -2.6175
245 -3.3400 -2.6175 3 -3.3622 -2.5994 -3.3150 -2.6300 -3.3650 -2.7300
246 -6.6650 -3.2550 3 -6.6150 -3.2550 -6.6650 -3.2050 -6.9750 -3.5650
247 -6.7150 -3.2050 3 -6.7150 -3.1550 -6.6650 -3.2050 -6.8900 -3.3800
248 -6.6650 -3.2050 3 -6.4817 -3.0217 -6.6650 -3.2550 -6.7150 -3.2050
249 -6.8900 -3.3800 3 -6.7150 -3.2050 -6.9650 -3.5300 -6.8650 -3.3050
250 -7.0650 -3.1050 3 -6.9650 -3.0050 -7.0650 -3.8050 -7.1150 -3.1050
251 -6.9650 -3.0050 3 -7.0650 -3.1050 -6.9650 -3.5300 -6.9317 -2.8717
252 -7.0650 -3.8050 2 -7.0650 -3.1050 -6.9750 -3.5650
253 -6.9650 -3.5300 3 -6.9650 -3.0050 -6.9750 -3.5650 -6.8900 -3.3800
254 -6.9750 -3.5650 3 -7.0650 -3.8050 -6.9650 -3.5300 -6.6650 -3.2550
255 -7.1650 -3.0050 3 -7.1650 -3.0550 -6.8650 -2.7050 -7.2150 -3.0050
256 -7.4650 -2.7050 3 -6.7543 -1.9943 -7.4650 -2.7550 -7.5150 -2.7050
257 -7.4650 -2.7550 2 -7.4150 -2.7550 -7.4650 -2.7050
258 -7.3650 -2.8050 3 -6.6632 -2.1032 -7.4150 -2.8050 -7.3650 -2.8550
259 -7.4150 -2.8050 2 -7.4150 -2.7550 -7.3650 -2.8050
260 4.7850 3.8950 2 4.9850 3.9450 4.6350 3.8450
261 1.5893 8.1557 3 1.6751 8.1252 1.6850 8.3950 1.4238 8.1944
262 1.6751 8.1252 3 1.5893 8.1557 2.1850 9.1450 1.9432 8.0155
263 2.5350 9.1450 3 2.5350 7.7075 2.4350 9.0450 2.7600 9.5950
264 1.0850 6.8200 1 1.1350 6.8200
265 -0.5650 6.5450 2 -0.5650 6.4950 -0.5650 6.5950
266 -0.5650 6.1950 2 -0.5650 6.1450 -0.5650 6.2450
267 -0.5650 5.9450 2 -0.5650 5.8950 -0.5650 5.9950
268 3.7350 9.5450 2 3.7350 8.4450 3.9350 8.9450
269 3.4350 8.8450 2 3.2350 9.4450 3.6157 8.1220
270 3.7350 8.4450 2 3.7350 9.5450 3.7821 8.1626
271 5.7350 9.6325 2 5.7350 8.9450 5.7050 9.5650
272 5.2350 7.9950 3 5.9350 8.6950 5.4350 8.3950 5.1720 7.8795
273 -8.1150 7.0950 3 -8.3150 7.2950 -8.2150 7.2950 -8.0579 7.0093
274 -7.6650 7.4450 3 -7.8650 7.6450 -7.7650 7.6450 -7.4650 7.1450
275 -7.8650 7.6450 3 -7.6650 7.4450 -7.8650 7.7450 -7.9150 7.6450
276 -7.9150 7.6450 3 -7.9150 7.5950 -7.8650 7.6450 -8.7150 8.4450
277 -8.7150 8.4450 2 -8.4150 8.0450 -7.9150 7.6450
278 -8.8650 9.1450 2 -8.4650 8.6450 -7.5650 7.8450
279 -7.5650 7.8450 3 -7.5650 7.9950 -7.5150 7.7450 -8.8650 9.1450
280 -7.5150 7.7450 3 -7.2650 7.4950 -7.5650 7.8450 -7.6150 7.7950
281 -8.3650 7.2950 3 -8.5650 7.4950 -8.3650 7.1325 -8.3150 7.2950
282 -8.3150 7.2950 3 -8.1150 7.0950 -8.3150 7.3950 -8.3650 7.2950
283 -5.5150 7.2450 2 -5.2768 7.9595 -5.5900 7.0950
284 -5.5900 7.0950 2 -5.5150 7.2450 -5.5900 7.0450
285 -7.3650 7.9950 3 -7.4650 8.0950 -7.1650 7.8950 -7.4650 7.9950
286 -7.1650 7.8950 4 -7.2650 8.0950 -7.3650 8.0950 -7.3650 7.9950 -6.7275 7.4575
287 -6.9650 8.3450 3 -6.9650 8.4450 -7.0650 8.4450 -6.8650 8.1450
288 -7.0650 8.4450 3 -7.1650 8.6450 -6.9650 8.3450 -7.0650 8.3450
289 -6.3150 8.7950 3 -6.3150 8.8450 -5.8483 8.3283 -6.3650 8.7950
290 -6.7150 8.8950 2 -6.5150 8.6950 -6.6150 8.6950
291 -6.6150 8.6950 3 -6.7150 8.8950 -6.5150 8.5950 -6.6150 8.5950
292 -6.5150 8.6950 3 -6.7150 8.8950 -6.5150 8.5950 -6.4650 8.6950
293 -6.5150 8.5950 3 -6.6150 8.6950 -6.5150 8.6950 -6.4150 8.3950
294 -5.9150 8.6950 2 -5.9900 8.9200 -5.8900 8.5950
295 -5.9900 8.9200 2 -5.9150 8.6950 -6.0650 8.9950
296 -3.6150 8.2450 3 -4.1150 9.2450 -3.6085 8.2341 -4.1150 8.9950
297 -4.1150 9.2450 3 -3.6150 8.2450 -4.1150 9.3950 -4.2150 9.3450
298 -5.6650 9.4950 2 -5.8900 8.5950 -5.6650 8.4450
299 -5.4150 9.4450 2 -5.4150 8.3950 -5.6650 8.4450
300 -5.6650 8.4450 3 -5.6650 9.4950 -5.4150 9.4450 -5.7448 8.0458
301 -5.0900 7.9263 2 -5.1650 7.9408 -4.9900 7.9013
302 -4.2650 8.8950 3 -4.4650 9.0950 -4.3650 9.0950 -3.7650 8.1450
303 -0.5650 6.3950 2 -0.5650 6.4450 -0.5650 6.3450
304 -3.9823 7.4777 3 -3.9483 7.5117 -4.7150 7.8033 -4.0322 6.9950
305 -3.9483 7.5117 3 -3.9823 7.4777 -3.5704 7.9180 -2.6150 6.8450
306 -0.5502 7.7477 3 -0.5150 7.7672 -0.5650 7.7563 -0.5650 6.8450
307 -1.2400 8.0780 3 -1.4650 8.1500 -1.2400 9.1700 -1.1670 8.0430
308 -3.4900 9.5200 2 -3.3650 9.3950 -3.4900 7.9705
309 -4.0150 9.2950 3 -4.1150 9.3950 -3.6793 8.6236 -4.0150 9.4450
310 -3.7150 8.9450 3 -3.6793 8.6236 -3.9150 9.3450 -3.7150 9.1450
311 -3.6793 8.6236 3 -3.6085 8.2341 -4.0150 9.2950 -3.7150 8.9450
312 -3.9150 9.4950 2 -3.9150 9.3450 -3.8150 9.3950
313 -4.0150 9.4450 2 -3.9150 9.3450 -4.0150 9.2950
314 -3.9150 9.3450 3 -3.9150 9.4950 -4.0150 9.4450 -3.7150 8.9450
315 -3.7650 9.2950 2 -3.8150 9.3950 -3.7150 9.1450
316 -3.8150 9.3950 2 -3.7650 9.2950 -3.9150 9.4950
317 3.8850 3.0950 2 3.9850 3.1450 3.7350 3.0450
318 3.9850 3.1450 1 3.8850 3.0950
319 2.9850 2.8950 2 3.2850 2.9450 2.7850 2.8664
320 5.8004 3.9450 2 5.8042 3.8950 5.7956 3.9950
321 5.8042 3.8950 2 5.8004 3.9450 5.8071 3.8450
322 5.8100 3.7450 2 5.8100 3.6950 5.8090 3.7950
323 7.2232 -1.9638 3 7.2850 -2.0050 7.1736 -1.9709 7.2850 -1.9175
324 7.1736 -1.9709 3 7.1850 -2.0050 7.2232 -1.9638 7.0500 -1.9400
325 7.5350 -1.8050 2 7.5850 -1.8550 7.4350 -1.8050
326 7.4850 -1.8550 3 7.4350 -1.8050 7.5850 -1.8550 7.4850 -1.9050
327 7.4350 -1.8050 3 7.5350 -1.8050 7.4850 -1.8550 7.3921 -1.8193
328 6.9850 -2.4550 3 7.1850 -2.6550 6.9850 -2.3550 6.8850 -2.4550
329 6.9850 -2.3550 3 6.9850 -2.4550 7.0850 -2.4550 6.8933 -2.1717
330 7.0850 -2.4550 3 6.9850 -2.3550 7.1850 -2.6550 7.0850 -2.3550
331 7.1850 -2.6550 3 6.9850 -2.4550 7.0850 -2.4550 6.9850 -2.5550
332 2.7630 3.3450 3 2.7540 3.4950 3.8850 3.3450 2.7610 3.2950
333 2.7610 3.2950 2 2.7630 3.3450 2.7600 3.2450
334 5.8350 2.3950 2 5.8350 2.3450 5.8350 2.4450
335 5.8350 2.3450 2 5.8350 2.3950 5.8350 2.2950
336 5.8350 0.1450 2 5.8350 0.0950 5.8350 0.1950
337 3.9850 0.2450 1 3.8850 0.2950
338 5.8350 -0.7050 2 5.8350 -0.6550 5.8350 -0.7550
339 5.8350 -0.6550 2 5.8350 -0.7050 5.8350 -0.6050
340 7.1350 -1.5550 1 7.0850 -1.5300
341 7.0850 -1.5300 3 7.1350 -1.5550 5.8293 -1.5300 7.1350 -1.5050
342 5.8152 -1.6550 2 5.8065 -1.7207 5.8293 -1.5300
343 5.8293 -1.5300 3 7.0850 -1.5300 5.8152 -1.6550 5.8341 -1.4050
344 6.7350 -3.2550 2 6.5350 -3.0550 6.4350 -3.1050
345 6.5350 -3.0550 3 6.7350 -3.2550 6.3850 -3.0550 6.5350 -2.9050
346 6.4350 -3.1050 3 6.7350 -3.2550 6.3850 -3.0550 6.4350 -3.2550
347 6.3850 -3.0550 3 6.5350 -3.0550 6.4350 -3.1050 5.9350 -2.7550
348 6.6850 -2.8550 3 7.1350 -3.3050 6.4850 -2.8550 6.6850 -2.7050
349 7.1350 -3.3050 2 6.6850 -2.8550 6.5350 -2.9050
350 6.4850 -2.8550 3 6.6850 -2.8550 6.5350 -2.9050 5.5392 -2.1456
351 6.5350 -2.9050 3 7.1350 -3.3050 6.4850 -2.8550 6.5350 -3.0550
352 4.6850 -3.4300 3 4.6850 -4.5550 4.8433 -4.0633 4.6350 -3.2050
353 4.6850 -4.5550 3 4.6850 -3.4300 4.7100 -4.6300 4.6350 -4.4550
354 4.8433 -4.0633 3 4.8600 -4.1800 4.6850 -3.4300 5.0850 -4.3050
355 5.0350 -4.3550 3 5.0350 -4.4050 4.8600 -4.1800 5.0850 -4.3550
356 4.8600 -4.1800 4 4.8433 -4.0633 4.7100 -4.6300 4.8850 -4.2550 5.0350 -4.3550
357 5.2683 -4.5383 2 5.0850 -4.3550 5.2350 -4.4050
358 5.0850 -4.3550 3 5.0350 -4.3550 5.2683 -4.5383 5.0850 -4.3050
359 5.0850 -4.3050 3 4.8433 -4.0633 5.0850 -4.3550 5.1350 -4.3050
360 5.0350 -3.5050 3 4.9350 -3.3050 5.1350 -3.7300 5.5850 -4.0550
361 5.1350 -3.7300 3 5.2350 -3.9300 5.1350 -4.3050 5.0350 -3.5050
362 5.2350 -3.9300 3 5.1350 -3.7300 5.2350 -4.4050 5.3017 -4.0133
363 5.1350 -4.3050 3 5.1350 -3.7300 5.2350 -4.4050 5.0850 -4.3050
364 5.2350 -4.4050 3 5.2350 -3.9300 5.1350 -4.3050 5.2683 -4.5383
365 5.3100 -4.0300 3 5.3350 -4.1050 5.3017 -4.0133 5.4850 -4.2050
366 5.3017 -4.0133 3 5.2350 -3.9300 5.3100 -4.0300 5.4850 -4.1050
367 5.4850 -4.2050 3 5.4850 -4.2550 5.3100 -4.0300 5.5850 -4.2050
368 5.8850 -4.0550 3 5.7350 -3.7550 5.8850 -3.8550 5.9100 -4.1300
369 5.8850 -3.8550 3 5.8850 -4.0550 5.7100 -3.6800 5.9350 -3.8550
370 5.7350 -3.7550 3 5.8850 -4.0550 5.7100 -3.6800 5.7350 -3.9550
371 5.7100 -3.6800 3 5.8850 -3.8550 5.7350 -3.7550 5.6413 -3.5425
372 6.0350 -3.8050 3 5.9350 -3.8050 5.9350 -3.7050 6.2350 -3.9050
373 5.9350 -3.7050 3 5.7350 -3.6050 6.0350 -3.8050 6.0350 -3.7050
374 6.0850 -3.5050 3 6.1850 -3.6050 6.1850 -3.5050 5.8850 -3.4050
375 6.1850 -3.6050 3 6.0850 -3.5050 6.3850 -3.7050 6.0850 -3.6050
376 6.1850 -3.5050 3 6.3850 -3.7050 6.1850 -3.4550 6.0850 -3.5050
377 6.2350 -3.4550 3 6.1850 -3.4550 6.6850 -3.9050 6.2350 -3.4050
378 6.1850 -3.4550 3 6.1850 -3.5050 6.2350 -3.4550 5.7350 -3.0050
379 6.6850 -3.9050 2 6.2350 -3.4550 6.3850 -3.7050
380 6.3850 -3.7050 3 6.1850 -3.5050 6.6850 -3.9050 6.1850 -3.6050
381 2.0686 -3.1723 3 2.1100 -3.1651 1.9350 -3.2011 1.4850 -2.0050
382 2.1100 -3.1651 3 2.0686 -3.1723 2.1100 -4.3300 2.2850 -3.1146
383 -0.2875 -2.8701 3 -0.5275 -3.8300 -0.0305 -3.0205 -0.3821 -2.7978
384 -0.3821 -2.7978 3 -0.4196 -2.7642 -0.6650 -3.5050 -0.2875 -2.8701
385 -0.6650 -3.5050 3 -1.0650 -4.3050 -0.3821 -2.7978 -0.9150 -4.2550
386 0.6850 -3.2635 2 0.8788 -3.2927 0.4100 -3.2064
387 0.4100 -3.2064 2 0.6850 -3.2635 0.1600 -3.1168
388 1.4007 -3.2803 3 1.5100 -4.1550 1.7850 -3.2275 1.3100 -3.2786
389 1.3100 -3.2786 3 1.1850 -3.2810 1.3100 -2.0550 1.4007 -3.2803
390 -2.2150 -2.9300 3 -2.2647 -2.9287 -2.2150 -4.1800 -2.1650 -2.9300
391 -2.1650 -2.9300 2 -2.2150 -2.9300 -2.1150 -2.9313
392 -2.2647 -2.9287 3 -2.2900 -3.0425 -2.2150 -2.9300 -2.2900 -2.9217
393 2.9850 -2.8117 2 2.9974 -2.8046 2.9100 -2.8536
394 2.6600 -4.3300 3 2.6600 -2.9800 2.6350 -4.4050 2.6850 -4.4050
395 2.6600 -2.9800 3 2.6600 -4.3300 2.4850 -3.0473 2.8350 -2.8925
396 5.7850 4.0807 3 5.5350 4.0450 5.7898 4.0450 5.7850 4.0950
397 5.5350 4.0450 2 5.7850 4.0807 5.2350 3.9950
398 0.1350 8.0837 2 0.2100 8.1092 -0.0269 8.0256
399 0.2100 8.1092 2 0.1350 8.0837 0.2850 8.1318
400 1.6600 9.1950 2 1.7350 9.3450 1.5850 8.8950
401 1.7350 9.3450 2 1.8350 9.4450 1.6600 9.1950
402 1.4850 8.4700 3 1.4238 8.1944 1.5350 8.6700 1.4850 9.5950
403 2.0350 8.2450 3 1.9432 8.0155 2.4350 9.0450 2.2850 8.9950
404 2.4350 9.0450 3 2.5350 9.1450 2.0350 8.2450 2.4350 9.2950
405 1.8350 9.2950 3 1.8350 9.4450 1.5517 8.7283 1.9350 9.3950
406 1.8350 9.4450 2 1.8350 9.2950 1.7350 9.3450
407 2.1850 9.1450 3 1.6751 8.1252 2.1850 9.2950 2.2850 9.2450
408 2.1850 9.2950 2 2.1850 9.1450 2.0850 9.1950
409 0.8350 8.4700 2 0.9517 8.8783 0.7977 8.2462
410 0.9517 8.8783 3 0.8350 8.4700 0.9850 9.0450 1.2350 9.4450
411 0.9850 9.0450 2 0.9517 8.8783 1.0600 9.3450
412 -7.0931 -1.1050 2 -7.0910 -1.1550 -7.0962 -1.0550
413 -7.0910 -1.1550 2 -7.0931 -1.1050 -7.0900 -1.2050
414 -7.0900 -1.2050 2 -7.0900 -1.2550 -7.0910 -1.1550
415 -4.0176 3.5450 2 -4.0159 3.4950 -4.0203 3.5950
416 -4.0159 3.4950 2 -4.0150 3.4450 -4.0176 3.5450
417 -4.0334 3.7450 2 -4.0396 3.7950 -4.0282 3.6950
418 -4.0396 3.7950 2 -4.0334 3.7450 -4.0400 3.7981
419 -4.0124 3.2950 2 -4.0097 3.2450 -4.0141 3.3450
420 -4.0141 3.3450 2 -4.0150 3.3950 -4.0124 3.2950
421 -4.0018 3.1450 2 -4.0062 3.1950 -3.9966 3.0950
422 -4.0062 3.1950 2 -4.0018 3.1450 -4.0097 3.2450
423 -3.9650 2.8859 3 -3.9150 2.8950 -3.9668 2.8950 -3.9650 2.8450
424 -3.9668 2.8950 2 -3.9650 2.8859 -3.9755 2.9450
425 -3.9834 2.9950 2 -3.9904 3.0450 -3.9755 2.9450
426 -3.9904 3.0450 2 -3.9834 2.9950 -3.9966 3.0950
427 -8.4650 -1.6300 2 -8.4150 -1.6550 -8.5150 -1.6300
428 -8.5150 -1.7550 3 -8.4150 -1.6550 -8.5150 -1.6300 -8.6150 -1.9550
429 -8.4150 -1.6550 4 -8.4650 -1.6300 -8.5150 -1.7550 -8.3650 -1.6550 -8.4150 -1.7550
430 -8.5150 -1.6300 3 -8.4650 -1.6300 -8.5150 -1.7550 -8.5650 -1.6300
431 -8.4150 -1.7550 3 -8.3150 -1.7550 -8.6150 -1.9550 -8.4150 -1.6550
432 -8.3150 -1.7550 3 -8.4150 -1.7550 -8.4150 -1.8550 -8.2436 -1.7193
433 -8.4150 -1.8550 3 -8.3150 -1.7550 -8.6150 -1.9550 -8.3150 -1.8550
434 -8.6150 -1.9550 4 -8.4150 -1.7550 -8.4150 -1.8550 -8.5150 -1.7550 -8.8650 -2.2050
435 -7.8550 -1.6450 3 -7.6950 -1.5850 -8.1525 -1.7300 -8.1650 -1.9550
436 -7.6950 -1.5850 3 -7.5713 -1.5300 -7.8550 -1.6450 -8.1150 -2.0050
437 -8.1650 -1.9550 3 -7.8550 -1.6450 -8.2150 -1.9550 -8.1650 -2.0050
438 -8.1525 -1.7300 3 -8.1900 -1.7300 -8.2150 -1.8550 -7.8550 -1.6450
439 -8.1900 -1.7300 3 -8.1525 -1.7300 -8.3150 -1.8550 -8.2436 -1.7193
440 -8.2150 -1.8550 3 -8.1525 -1.7300 -8.3150 -1.9550 -8.2150 -1.9550
441 -8.3150 -1.9550 3 -8.2150 -1.8550 -8.3150 -1.8550 -8.4150 -2.1550
442 -8.3150 -1.8550 3 -8.1900 -1.7300 -8.3150 -1.9550 -8.4150 -1.8550
443 -7.6150 -1.6050 3 -8.0650 -2.0550 -7.8150 -1.9050 -7.5541 -1.5237
444 -8.0400 -2.4300 3 -7.9650 -2.4050 -7.8650 -2.2550 -8.1775 -2.4987
445 -8.1775 -2.4987 2 -8.0400 -2.4300 -8.1150 -2.4050
446 -7.8650 -2.2550 3 -7.6650 -2.2550 -8.0400 -2.4300 -7.8650 -2.2050
447 -7.8650 -2.2050 3 -7.0471 -1.3871 -7.8650 -2.2550 -7.9150 -2.2050
448 -8.0650 -2.0550 3 -7.6150 -1.6050 -8.0650 -2.1050 -8.1150 -2.0550
449 -8.0650 -2.1050 2 -8.0650 -2.0550 -8.0150 -2.1050
450 -7.1400 -1.9800 3 -7.6650 -2.5050 -7.3900 -2.1300 -6.8829 -1.8086
451 -7.6650 -2.5050 3 -7.7150 -2.5050 -7.1400 -1.9800 -7.6650 -2.5550
452 -7.7150 -2.5050 2 -7.7150 -2.4550 -7.6650 -2.5050
453 -2.3650 -3.3550 3 -2.3317 -3.1883 -2.4400 -3.6550 -2.3650 -4.6300
454 -2.4400 -3.6550 2 -2.5150 -3.8050 -2.3650 -3.3550
455 -1.1301 -2.8899 2 -0.8821 -2.8392 -1.2501 -2.9178
456 -1.6748 -2.9545 3 -2.1150 -2.9313 -1.9650 -3.6800 -1.3527 -2.9303
457 -2.1150 -2.9313 2 -2.1650 -2.9300 -1.6748 -2.9545
458 -2.9150 -4.5300 2 -2.8983 -4.4717 -2.9150 -3.0300
459 -2.9150 -3.0300 3 -2.8676 -2.8405 -2.9150 -4.5300 -2.9317 -3.0883
460 -2.9317 -3.0883 3 -2.9150 -3.0300 -3.2150 -3.6550 -3.0150 -3.5050
461 -3.2150 -3.6550 3 -2.9317 -3.0883 -3.3150 -3.7550 -3.2150 -3.8050
462 -3.3150 -3.7550 3 -3.3150 -2.6300 -3.2150 -3.6550 -3.3650 -3.8550
463 -3.2150 -3.8050 3 -3.2150 -3.6550 -3.1150 -3.7050 -3.5150 -4.4050
464 -6.8650 -3.3050 3 -6.8900 -3.3800 -6.8650 -2.7050 -6.8150 -3.2050
465 -6.8650 -2.7050 4 -6.9317 -2.8717 -6.8650 -3.3050 -7.1650 -3.0050 -6.8150 -2.5883
466 -7.5150 -2.6550 3 -6.7971 -1.9371 -7.5150 -2.7050 -7.5650 -2.6550
467 -7.5150 -2.7050 2 -7.4650 -2.7050 -7.5150 -2.6550
468 -7.3150 -2.8550 3 -6.6400 -2.1800 -7.3650 -2.8550 -7.3150 -2.9050
469 -7.3650 -2.8550 2 -7.3650 -2.8050 -7.3150 -2.8550
470 -2.6150 5.2950 1 -2.7150 5.2450
471 -2.7150 5.2450 2 -2.6150 5.2950 -2.8650 5.1950
472 -0.5650 5.6950 2 -0.5650 5.6450 -0.5650 5.7450
473 -0.5650 4.8450 2 -0.5650 4.8950 -0.5650 4.7950
474 1.6850 8.3950 3 1.5893 8.1557 2.0850 9.1950 1.9350 9.1450
475 2.0850 9.1950 3 2.1850 9.2950 1.6850 8.3950 2.0850 9.4450
476 1.3850 6.8950 1 1.3350 6.8950
477 2.3065 7.8165 2 1.9432 8.0155 2.5350 7.7075
478 2.5350 7.7075 3 2.5350 9.1450 2.3065 7.8165 2.6442 7.6529
479 -0.5650 6.0950 2 -0.5650 6.1450 -0.5650 6.0450
480 -0.5650 6.1450 2 -0.5650 6.1950 -0.5650 6.0950
481 -0.5650 6.0450 2 -0.5650 5.9950 -0.5650 6.0950
482 -0.5650 5.9950 2 -0.5650 6.0450 -0.5650 5.9450
483 3.2350 8.5950 3 3.2350 9.4450 2.9850 9.5950 3.3483 8.0284
484 3.2350 9.4450 2 3.4350 8.8450 3.2350 8.5950
485 4.3350 8.9950 1 4.4459 8.5515
486 4.4459 8.5515 3 4.3350 8.9950 4.3966 8.1817 4.5225 8.8325
487 4.7634 8.0786 3 4.7317 8.0852 5.1720 7.8795 4.9350 8.5075
488 5.1720 7.8795 3 5.2350 7.9950 5.3902 7.6812 4.7634 8.0786
489 5.5532 8.5905 3 5.6350 8.6450 5.5850 8.6700 5.5100 8.5300
490 5.8350 8.8950 2 5.7850 8.8950 5.8350 8.8450
491 5.9350 8.6950 3 5.9850 8.6950 5.9350 8.7450 5.2350 7.9950
492 6.2288 9.0075 2 6.1600 8.8700 6.1350 8.9450
493 -7.9650 7.9450 3 -7.7650 7.7450 -7.8650 7.7450 -8.1650 8.2450
494 -7.8650 7.7450 3 -7.9650 7.9450 -7.7650 7.6450 -7.8650 7.6450
495 -7.7650 7.7450 3 -7.9650 7.9450 -7.7650 7.6450 -7.7150 7.7450
496 -7.7650 7.6450 3 -7.8650 7.7450 -7.7650 7.7450 -7.6650 7.4450
497 -7.9150 7.5950 3 -7.9150 7.6450 -7.4650 7.1450 -7.9650 7.5950
498 -7.1650 6.7450 3 -7.4650 7.1450 -7.9650 7.5450 -7.1289 6.6999
499 -7.4650 7.1450 3 -7.6650 7.4450 -7.9150 7.5950 -7.1650 6.7450
500 -8.1650 8.2450 3 -7.7150 7.7950 -8.4650 8.6450 -7.9650 7.9450
501 -8.4650 8.6450 3 -8.1650 8.2450 -7.6150 7.7950 -8.8650 9.1450
502 -7.7150 7.7950 3 -8.1650 8.2450 -7.6150 7.7950 -7.7150 7.7450
503 -7.6150 7.7950 3 -8.4650 8.6450 -7.7150 7.7950 -7.5150 7.7450
504 -7.9150 7.2450 3 -8.1150 7.4450 -8.0150 7.4450 -7.7150 6.9450
505 -7.7150 6.9450 3 -7.9150 7.2450 -8.1650 7.3950 -7.5786 6.7632
506 -8.1150 7.4450 3 -7.9150 7.2450 -8.1150 7.5450 -8.1650 7.4450
507 -8.1150 7.5450 3 -8.1150 7.4450 -8.0150 7.4450 -8.2150 7.7450
508 -8.0150 7.4450 3 -7.9150 7.2450 -8.1150 7.5450 -8.0150 7.5450
509 -8.6150 7.8950 2 -8.1650 7.4450 -8.4150 7.5950
510 -8.1650 7.3950 3 -7.7150 6.9450 -8.1650 7.4450 -8.2150 7.3950
511 -8.1650 7.4450 3 -8.1150 7.4450 -8.1650 7.3950 -8.6150 7.8950
512 -7.1289 6.6999 3 -7.1650 6.7450 -7.1309 6.6950 -7.1039 6.7450
513 -8.3650 7.1325 3 -8.3650 7.2950 -8.3900 7.1450 -8.3150 7.0950
514 -7.1900 6.5595 3 -7.1900 6.5450 -7.2650 6.5950 -7.1735 6.5950
515 -7.2150 8.1950 3 -7.2150 8.2450 -7.2650 8.1950 -6.6129 7.5929
516 -7.1150 8.2950 3 -7.1150 8.3450 -6.6650 7.8450 -7.1650 8.2950
517 -7.1150 8.3450 3 -7.1150 8.2950 -7.0650 8.3450 -8.3650 9.5950
518 -7.0650 8.3450 3 -7.1150 8.3450 -6.8650 8.1450 -7.0650 8.4450
519 -6.6650 7.8450 3 -7.1150 8.2950 -6.8650 8.1450 -6.5364 7.6736
520 -6.8650 8.1450 3 -7.0650 8.3450 -6.6650 7.8450 -6.9650 8.3450
521 -6.4650 8.7950 3 -6.3650 8.6950 -6.5650 8.9950 -6.4650 8.6950
522 -6.5650 8.9950 3 -6.4650 8.7950 -6.3650 8.7950 -6.7650 9.2950
523 -6.3650 8.6950 3 -6.4650 8.7950 -6.3650 8.7950 -6.2650 8.4950
524 -6.3650 8.7950 3 -6.5650 8.9950 -6.3650 8.6950 -6.3150 8.7950
525 -6.2650 8.8450 3 -6.3150 8.8450 -6.2650 8.8950 -5.8817 8.4617
526 -6.2650 8.8950 2 -6.2650 8.8450 -6.2150 8.8950
527 -6.3150 8.8450 3 -6.2650 8.8450 -6.7650 9.2950 -6.3150 8.7950
528 -6.7650 9.2950 2 -6.3150 8.8450 -6.5650 8.9950
529 -4.9900 9.4700 3 -4.9900 7.9013 -4.9150 9.3200 -5.0567 9.6367
530 -4.9150 9.3200 3 -4.9900 9.4700 -4.9150 7.8783 -4.8400 9.1888
531 -4.9900 7.9013 3 -4.9900 9.4700 -4.9150 7.8783 -5.0900 7.9263
532 -4.9150 7.8783 3 -4.9150 9.3200 -4.9900 7.9013 -4.8400 7.8533
533 -4.8400 7.8533 3 -4.9150 7.8783 -4.8400 9.1888 -4.7650 7.8242
534 -4.8400 9.1888 3 -4.9150 9.3200 -4.8400 7.8533 -4.7650 9.0950
535 -5.4911 8.0146 3 -5.4150 8.3950 -5.2768 7.9595 -5.6900 8.0367
536 -5.2768 7.9595 3 -5.4911 8.0146 -5.1650 7.9408 -5.5150 7.2450
537 -5.1650 7.9408 3 -5.2768 7.9595 -5.1650 9.3950 -5.0900 7.9263
538 -5.4150 8.3950 3 -5.4911 8.0146 -5.1650 9.3950 -5.4150 9.4450
539 -5.1650 9.3950 2 -5.1650 7.9408 -5.4150 8.3950
540 -0.5650 6.4950 2 -0.5650 6.4450 -0.5650 6.5450
541 -0.5650 6.4450 2 -0.5650 6.4950 -0.5650 6.3950
542 -4.0322 6.9950 2 -3.9823 7.4777 -4.0374 6.8950
543 -0.4650 7.7941 2 -0.5150 7.7672 -0.1022 7.9822
544 -0.5150 7.7672 2 -0.4650 7.7941 -0.5502 7.7477
545 -1.0278 7.9822 2 -1.0150 7.9771 -1.0981 8.0119
546 -2.1650 8.2190 2 -1.7289 8.2008 -2.2150 8.2200
547 -1.7289 8.2008 3 -2.1650 8.2190 -1.9650 9.1450 -1.5690 8.1812
548 -1.9650 9.1450 2 -1.7289 8.2008 -1.9650 9.5450
549 -1.7900 9.2950 2 -1.8650 9.4450 -1.7150 8.9950
550 -3.3650 9.3950 3 -3.3650 9.5450 -3.1400 8.9450 -3.4900 9.5200
551 -3.1900 9.2950 2 -3.2650 9.4450 -3.1400 9.0950
552 -3.2650 9.4450 2 -3.1900 9.2950 -3.3650 9.5450
553 -3.3650 9.5450 2 -3.3650 9.3950 -3.2650 9.4450
554 -3.1400 8.9450 3 -3.3650 9.3950 -3.1400 9.0950 -3.0597 8.1422
555 -3.1400 9.0950 3 -3.1900 9.2950 -3.1400 8.9450 -3.1150 9.1950
556 -2.6400 8.2450 2 -2.5650 8.6950 -2.6423 8.2268
557 -2.5650 8.6950 1 -2.6400 8.2450
558 5.8350 2.5950 2 5.8350 2.5450 5.8350 2.6450
559 5.8350 2.5450 2 5.8350 2.5950 5.8350 2.4950
560 5.8350 2.6450 2 5.8350 2.5950 5.8350 2.6950
561 5.8350 3.0950 2 5.8350 3.0450 5.8350 3.1450
562 5.8350 3.0450 2 5.8350 2.9950 5.8350 3.0950
563 5.8350 2.9950 2 5.8350 3.0450 5.8350 2.9450
564 5.8350 2.9450 2 5.8350 2.9950 5.8350 2.8950
565 5.8129 3.4950 2 5.8110 3.5450 5.8158 3.4450
566 5.8110 3.5450 2 5.8129 3.4950 5.8100 3.5950
567 5.7850 4.4950 2 5.7850 4.5450 5.7850 4.4450
568 5.8071 3.8450 2 5.8090 3.7950 5.8042 3.8950
569 5.8090 3.7950 2 5.8071 3.8450 5.8100 3.7450
570 6.3850 3.3450 2 6.6350 3.3950 6.0850 3.2950
571 6.6350 3.3950 2 6.3850 3.3450 6.8350 3.4450
572 7.0850 3.5450 1 6.9850 3.4950
573 6.9600 -1.9300 2 6.5913 -1.9300 7.0500 -1.9400
574 7.0500 -1.9400 2 7.1736 -1.9709 6.9600 -1.9300
575 7.4850 -1.9050 2 7.3850 -1.9050 7.4850 -1.8550
576 7.3850 -1.9050 3 7.4850 -1.9050 7.4850 -2.0050 7.3475 -1.8862
577 7.4850 -2.0050 2 7.3850 -1.9050 7.2850 -2.0050
578 7.3850 -1.8050 1 7.3921 -1.8193
579 7.3921 -1.8193 3 7.3850 -1.8050 7.3475 -1.8862 7.4350 -1.8050
580 7.2850 -1.9175 2 7.3475 -1.8862 7.2232 -1.9638
581 7.3475 -1.8862 3 7.3921 -1.8193 7.2850 -1.9175 7.3850 -1.9050
582 2.7850 1.1950 2 2.7840 1.2450 2.7850 1.1450
583 2.7840 1.2450 2 2.7850 1.1950 2.7821 1.2950
584 5.8350 1.0450 2 5.8350 0.9950 5.8350 1.0950
585 5.8350 0.9950 2 5.8350 1.0450 5.8350 0.9450
586 5.8350 1.0950 2 5.8350 1.0450 5.8350 1.1450
587 5.8350 1.6950 2 5.8350 1.7450 5.8350 1.6450
588 5.8350 1.2450 2 5.8350 1.2950 5.8350 1.1950
589 5.8350 1.2950 2 5.8350 1.2450 5.8350 1.3450
590 5.8350 1.3950 2 5.8350 1.3450 5.8350 1.4450
591 5.8350 1.3450 2 5.8350 1.3950 5.8350 1.2950
592 2.7840 1.4450 2 2.7850 1.4950 2.7821 1.3950
593 5.8350 2.2950 2 5.8350 2.3450 5.8350 2.2450
594 5.8350 1.8450 2 5.8350 1.7950 5.8350 1.8950
595 5.8350 -0.9550 2 5.8350 -1.0050 5.8350 -0.9050
596 3.9850 0.0450 1 3.8850 -0.0050
597 3.8850 -0.0050 2 3.9850 0.0450 3.7350 -0.0550
598 3.2850 -0.1550 2 3.5350 -0.1050 2.9850 -0.2050
599 5.8350 0.0950 2 5.8350 0.1450 5.8350 0.0450
600 5.8350 -0.4050 2 5.8350 -0.4550 5.8350 -0.3550
601 5.8350 -0.4550 2 5.8350 -0.4050 5.8350 -0.5050
602 5.8350 -0.3550 2 5.8350 -0.3050 5.8350 -0.4050
603 5.8350 -0.3050 2 5.8350 -0.3550 5.8350 -0.2550
604 5.8350 -0.1550 2 5.8350 -0.1050 5.8350 -0.2050
605 5.8350 -0.1050 2 5.8350 -0.0550 5.8350 -0.1550
606 5.8350 -0.0550 2 5.8350 -0.1050 5.8350 -0.0050
607 3.8850 0.2950 2 3.9850 0.2450 3.7350 0.3450
608 5.8350 0.5950 2 5.8350 0.6450 5.8350 0.5450
609 3.2850 0.4450 2 3.5350 0.3950 2.9850 0.4950
610 2.9850 0.4950 2 3.2850 0.4450 2.7850 0.5236
611 5.8341 -1.4050 2 5.8350 -1.3550 5.8293 -1.5300
612 5.8350 -1.2550 2 5.8350 -1.2050 5.8350 -1.3050
613 5.8350 -1.0050 2 5.8350 -1.0550 5.8350 -0.9550
614 5.8350 -1.0550 2 5.8350 -1.0050 5.8350 -1.1050
615 5.8350 -0.9050 2 5.8350 -0.9550 5.8350 -0.8550
616 5.8350 -1.2050 2 5.8350 -1.2550 5.8350 -1.1550
617 5.8350 -1.1550 2 5.8350 -1.1050 5.8350 -1.2050
618 5.8350 -1.1050 2 5.8350 -1.1550 5.8350 -1.0550
619 4.5850 -4.4050 3 4.6350 -4.4550 4.5850 -2.9550 4.5350 -4.4050
620 4.6350 -4.4550 3 4.5850 -4.4050 4.6350 -3.2050 4.6850 -4.5550
621 4.5850 -2.9550 3 4.5850 -4.4050 4.6350 -3.2050 4.5710 -2.8780
622 4.6350 -3.2050 3 4.6350 -4.4550 4.5850 -2.9550 4.6850 -3.4300
623 4.8150 -3.0850 3 4.9350 -3.3050 5.6850 -3.9550 4.6800 -2.8535
624 4.9350 -3.3050 3 4.8150 -3.0850 5.6350 -4.0050 5.0350 -3.5050
625 5.6850 -4.0050 3 5.6850 -3.9550 5.6350 -4.0050 6.0100 -4.3300
626 5.6850 -3.9550 3 4.8150 -3.0850 5.6850 -4.0050 5.7350 -3.9550
627 5.6350 -4.0050 3 4.9350 -3.3050 5.6850 -4.0050 5.6350 -4.0550
628 6.0850 -4.5050 3 6.1395 -4.5459 5.6350 -4.0550 5.7850 -4.3050
629 5.6350 -4.0550 3 5.6350 -4.0050 6.0850 -4.5050 5.5850 -4.0550
630 5.5850 -4.0550 3 5.0350 -3.5050 5.6350 -4.0550 5.5850 -4.1050
631 6.0350 -3.7050 3 5.9350 -3.7050 6.2350 -3.9050 6.0350 -3.6550
632 6.5350 -4.1050 2 6.2350 -3.9050 6.0850 -3.6550
633 6.2350 -3.9050 3 6.0350 -3.8050 6.0350 -3.7050 6.5350 -4.1050
634 4.0095 -2.9267 3 4.1850 -2.9033 3.9350 -2.9219 4.0350 -3.0800
635 3.9350 -2.9219 3 4.0095 -2.9267 3.7600 -2.9078 3.9350 -4.5050
636 3.3850 -4.6050 2 3.2850 -4.5050 3.3850 -4.5050
637 3.7600 -4.2800 2 3.7600 -2.9078 3.7850 -4.3550
638 3.7600 -2.9078 3 3.7600 -4.2800 3.5850 -2.8768 3.9350 -2.9219
639 3.5850 -2.8768 2 3.7600 -2.9078 3.5100 -2.8623
640 2.4850 -3.0473 2 2.3850 -3.0838 2.6600 -2.9800
641 -0.5400 -3.9050 2 -0.5275 -3.8300 -0.6400 -4.3050
642 -0.5275 -3.8300 3 -0.2875 -2.8701 -0.5400 -3.9050 -0.8150 -4.4050
643 -0.8150 -4.5550 2 -0.8150 -4.4050 -0.7150 -4.4550
644 -0.8150 -4.4050 3 -0.5275 -3.8300 -0.8150 -4.5550 -0.9150 -4.5050
645 -0.0900 -4.3800 2 0.0433 -3.1800 -0.3650 -4.6550
646 0.0433 -3.1800 3 -0.0900 -4.3800 -0.3650 -4.4050 0.0604 -3.0773
647 0.0604 -3.0773 3 0.0314 -3.0586 0.1600 -3.1168 0.0433 -3.1800
648 0.1600 -3.1168 2 0.4100 -3.2064 0.0604 -3.0773
649 -0.3650 -4.6550 2 -0.0900 -4.3800 -0.3650 -4.4050
650 -0.3650 -4.4050 2 0.0433 -3.1800 -0.3650 -4.6550
651 1.9350 -3.2011 2 2.0686 -3.1723 1.8600 -3.2158
652 1.5100 -4.1550 3 1.6850 -4.5050 1.4007 -3.2803 1.5100 -4.4050
653 1.6850 -4.5050 3 1.6850 -4.6550 1.7850 -4.6050 1.5100 -4.1550
654 1.6850 -4.6550 2 1.6850 -4.5050 1.5350 -4.5050
655 2.0850 -4.4050 1 2.1100 -4.3300
656 2.1100 -4.3300 3 2.1100 -3.1651 2.0850 -4.4050 2.1350 -4.4050
657 1.2850 -2.0050 1 1.3100 -2.0550
658 1.3100 -2.0550 3 1.3100 -3.2786 1.2850 -2.0050 1.3350 -2.0050
659 1.3350 -2.0050 1 1.3100 -2.0550
660 1.4850 -2.0050 1 2.0686 -3.1723
661 3.0634 -2.7554 3 2.9974 -2.8046 3.4350 -2.8453 3.0069 -2.4831
662 2.9974 -2.8046 3 2.9850 -2.8117 3.1805 -4.2686 3.0634 -2.7554
663 3.3850 -4.5050 3 3.3850 -4.6050 3.2100 -4.3300 3.4350 -4.5050
664 3.2100 -4.3300 3 3.2350 -4.4050 3.3850 -4.5050 3.1850 -4.2800
665 2.8350 -4.6050 2 2.8350 -2.8925 2.7350 -4.5050
666 2.9100 -2.8536 2 2.8350 -2.8925 2.9850 -2.8117
667 2.8350 -2.8925 3 2.8350 -4.6050 2.9100 -2.8536 2.6600 -2.9800
668 3.1850 -4.2800 2 3.1805 -4.2686 3.2100 -4.3300
669 3.1805 -4.2686 2 3.1850 -4.2800 2.9974 -2.8046
670 5.2350 3.9950 2 5.5350 4.0450 4.9850 3.9450
671 4.9850 3.9450 2 5.2350 3.9950 4.7850 3.8950
672 -0.5650 5.7450 2 -0.5650 5.7950 -0.5650 5.6950
673 -0.5650 5.7950 2 -0.5650 5.7450 -0.5650 5.8450
674 -0.5650 5.8950 2 -0.5650 5.9450 -0.5650 5.8450
675 -0.5650 5.8450 2 -0.5650 5.7950 -0.5650 5.8950
676 0.8850 5.1700 3 0.9350 5.1450 -0.5634 5.1700 0.9350 5.1950
677 2.7100 4.4950 2 2.7100 4.5450 2.7100 4.4450
678 2.7100 4.4450 2 2.7100 4.4950 2.7100 4.3950
679 1.0600 9.3450 2 1.1350 9.4950 0.9850 9.0450
680 1.1350 9.4950 2 1.0600 9.3450 1.2350 9.5950
681 4.8850 9.1950 3 4.5225 8.8325 4.8850 9.2450 4.9350 9.1950
682 4.5225 8.8325 3 4.5475 8.9575 4.8850 9.1950 4.4459 8.5515
683 1.5850 8.8950 2 1.6600 9.1950 1.5517 8.7283
684 1.5517 8.7283 3 1.8350 9.2950 1.5850 8.8950 1.5350 8.6700
685 1.5350 8.6700 2 1.5517 8.7283 1.4850 8.4700
686 2.4350 9.2950 2 2.2850 8.9950 2.4350 9.0450
687 2.2850 8.9950 3 2.4350 9.2950 2.2850 9.2450 2.0350 8.2450
688 2.2850 9.2450 2 2.2850 8.9950 2.1850 9.1450
689 -8.5817 -1.6383 3 -8.8650 -2.2050 -8.6150 -1.6050 -8.5650 -1.6300
690 -8.6150 -1.6050 2 -8.5817 -1.6383 -8.6650 -1.6050
691 -8.6650 -1.6050 2 -8.6150 -1.6050 -8.7150 -1.6550
692 -8.7150 -1.6550 2 -8.6650 -1.6050 -8.7650 -1.7550
693 -8.7650 -1.7550 2 -8.7150 -1.6550 -8.8150 -1.9050
694 -8.8150 -1.9050 1 -8.7650 -1.7550
695 -8.8650 -2.2050 2 -8.5817 -1.6383 -8.6150 -1.9550
696 -8.2650 -0.9550 1 -8.1650 -1.0050
697 -8.2650 -1.1550 1 -8.1650 -1.1050
698 -8.1650 -1.1050 2 -8.2650 -1.1550 -8.0150 -1.0550
699 -7.0900 -1.2856 3 -7.0900 -1.2550 -7.1338 -1.3050 -7.0812 -1.3050
700 -7.1338 -1.3050 2 -7.0900 -1.2856 -7.2400 -1.3550
701 -7.0900 -1.2550 2 -7.0900 -1.2856 -7.0900 -1.2050
702 -7.1400 0.2950 2 -7.1390 0.2450 -7.1400 0.3450
703 -7.1390 0.4950 2 -7.1369 0.4450 -7.1400 0.5450
704 -7.1369 0.4450 3 -7.1390 0.4950 -7.1390 0.3950 -6.0650 0.4450
705 -7.1400 0.5450 2 -7.1390 0.4950 -7.1400 0.5950
706 -7.1150 -0.0264 3 -7.1181 -0.0050 -7.1150 -0.0550 -6.9650 -0.0050
707 -7.2650 -0.3050 2 -7.5650 -0.3550 -7.1150 -0.2836
708 -7.1150 -0.2836 3 -7.1150 -0.2550 -7.2650 -0.3050 -7.1119 -0.3050
709 -7.8650 2.1950 2 -7.6150 2.2450 -8.0650 2.1450
710 -7.6150 2.2450 2 -7.8650 2.1950 -7.3150 2.2950
711 -7.1650 2.3164 3 -7.1650 2.3450 -7.1619 2.2950 -7.3150 2.2950
712 -7.3150 2.2950 2 -7.6150 2.2450 -7.1650 2.3164
713 -7.1150 -0.0550 2 -7.1150 -0.0264 -7.1150 -0.1050
714 -7.1369 0.1950 2 -7.1390 0.2450 -7.1338 0.1450
715 -7.1390 0.2450 2 -7.1369 0.1950 -7.1400 0.2950
716 -7.1338 0.1450 2 -7.1296 0.0950 -7.1369 0.1950
717 -7.1296 0.0950 2 -7.1338 0.1450 -7.1244 0.0450
718 -8.0650 2.1450 2 -7.8650 2.1950 -8.2150 2.0950
719 -2.8150 3.0950 2 -3.0150 3.0450 -2.6650 3.1450
720 -3.9650 2.8450 2 -3.9650 2.8859 -3.9650 2.7950
721 -2.7150 3.2950 2 -2.6150 3.3450 -3.9150 2.8950
722 -2.6150 3.3450 1 -2.7150 3.2950
723 -7.1650 3.1450 2 -7.1650 3.1950 -7.1650 3.0950
724 -7.8150 -1.9050 3 -7.6150 -1.6050 -8.0150 -2.1050 -7.9150 -2.1050
725 -8.0150 -2.1050 3 -8.0650 -2.1050 -7.8150 -1.9050 -8.0150 -2.2050
726 -8.1150 -2.0050 3 -8.1650 -2.0050 -8.1150 -2.0550 -7.6950 -1.5850
727 -8.1650 -2.0050 3 -8.1150 -2.0050 -8.6150 -2.4550 -8.1650 -1.9550
728 -8.1150 -2.0550 2 -8.1150 -2.0050 -8.0650 -2.0550
729 -8.6150 -2.4550 2 -8.1650 -2.0050 -8.4150 -2.1550
730 -7.7650 -2.4550 2 -7.7150 -2.4550 -7.7650 -2.4050
731 -7.7650 -2.4050 3 -7.7650 -2.4550 -7.5900 -2.2300 -7.9650 -2.4050
732 -7.7150 -2.4550 3 -7.7650 -2.4550 -7.3900 -2.1300 -7.7150 -2.5050
733 -7.5900 -2.2300 3 -7.7650 -2.4050 -7.3900 -2.1300 -7.6650 -2.2550
734 -7.3900 -2.1300 3 -7.7150 -2.4550 -7.5900 -2.2300 -7.1400 -1.9800
735 -2.3650 -4.6300 2 -2.2900 -4.3675 -2.3650 -3.3550
736 -2.2900 -4.3675 3 -2.3650 -4.6300 -2.2150 -4.1800 -2.2900 -3.0425
737 -2.2150 -4.1800 3 -2.2900 -4.3675 -1.9650 -3.6800 -2.2150 -2.9300
738 -1.9650 -4.0550 2 -1.9650 -3.6800 -1.8650 -3.9550
739 -1.9650 -3.6800 3 -2.2150 -4.1800 -1.9650 -4.0550 -1.6748 -2.9545
740 -1.2501 -2.9178 3 -1.1301 -2.8899 -1.3527 -2.9303 -1.3650 -3.2050
741 -1.3527 -2.9303 3 -1.6748 -2.9545 -1.8650 -3.9550 -1.2501 -2.9178
742 -1.8650 -4.1050 2 -1.8650 -3.9550 -1.7650 -4.0050
743 -1.8650 -3.9550 3 -1.9650 -4.0550 -1.3527 -2.9303 -1.8650 -4.1050
744 -3.1150 -3.7050 2 -3.0150 -3.5050 -3.2150 -3.8050
745 -3.0150 -3.5050 2 -3.1150 -3.7050 -2.9317 -3.0883
746 -6.7650 -3.1550 3 -6.8150 -3.2050 -6.7650 -2.4675 -6.7150 -3.1550
747 -6.8150 -3.2050 3 -6.7650 -3.1550 -6.8150 -2.5883 -6.8650 -3.3050
748 -6.7950 -2.5350 3 -6.8150 -2.5883 -6.7650 -2.4675 -7.2150 -2.9550
749 -6.7650 -2.4675 3 -6.7650 -3.1550 -6.7950 -2.5350 -6.7233 -2.3633
750 -6.8150 -2.5883 3 -6.8150 -3.2050 -6.7950 -2.5350 -6.8650 -2.7050
751 -7.5650 -2.6050 3 -6.8382 -1.8782 -7.5650 -2.6550 -7.6150 -2.6050
752 -7.5650 -2.6550 2 -7.5150 -2.6550 -7.5650 -2.6050
753 -7.2650 -2.9050 3 -6.7233 -2.3633 -7.3150 -2.9050 -7.2650 -2.9550
754 -7.3150 -2.9050 2 -7.3150 -2.8550 -7.2650 -2.9050
755 -4.0400 6.2950 2 -4.0400 6.3450 -4.0400 6.2450
756 -0.5650 5.5950 2 -0.5650 5.6450 -0.5650 5.5450
757 -0.5650 5.6450 2 -0.5650 5.6950 -0.5650 5.5950
758 -2.6150 5.6950 1 -2.7150 5.6450
759 -0.5634 5.1700 3 -0.5642 5.1950 -0.5642 5.1450 0.8850 5.1700
760 -0.5650 3.7950 2 -0.5650 3.7450 -0.5650 3.8450
761 5.8100 3.5950 2 5.8100 3.6450 5.8110 3.5450
762 5.8100 3.6450 2 5.8100 3.6950 5.8100 3.5950
763 4.6350 3.8450 2 4.7850 3.8950 4.5350 3.7950
764 4.5350 3.7950 1 4.6350 3.8450
765 0.4881 8.1889 2 0.4850 8.1884 0.6850 8.2267
766 0.6850 8.2267 3 0.6850 9.6450 0.4881 8.1889 0.7977 8.2462
767 0.7977 8.2462 3 0.8350 8.4700 0.6850 8.2267 0.9817 8.2352
768 0.9817 8.2352 3 1.1850 8.2103 0.7977 8.2462 1.3350 9.2950
769 1.1850 8.2103 2 1.2350 8.2052 0.9817 8.2352
770 1.2350 8.2052 2 1.2850 8.2011 1.1850 8.2103
771 2.0850 9.4450 2 1.9350 9.1450 2.0850 9.1950
772 1.9350 9.3950 2 1.9350 9.1450 1.8350 9.2950
773 1.9350 9.1450 3 2.0850 9.4450 1.9350 9.3950 1.6850 8.3950
774 -0.5650 6.7450 2 -0.5650 6.7950 -0.5650 6.6950
775 1.4600 6.4700 1 2.7345 6.4700
776 4.0850 8.1950 3 4.1100 8.1950 4.0100 8.6450 4.0100 8.1843
777 4.1100 8.1950 2 4.3966 8.1817 4.0850 8.1950
778 4.3966 8.1817 3 4.4459 8.5515 4.1100 8.1950 4.4019 8.1795
779 2.7200 6.6950 2 2.7250 6.6450 2.7160 6.7450
780 2.7250 6.6450 2 2.7200 6.6950 2.7310 6.5950
781 -0.5650 6.3450 2 -0.5650 6.3950 -0.5650 6.2950
782 2.9850 9.5950 2 3.2350 8.5950 2.9850 7.8514
783 2.7600 9.5950 2 2.5350 9.1450 2.7600 7.7360
784 3.9350 8.9450 2 4.0100 8.6450 3.7350 9.5450
785 4.0100 8.6450 2 3.9350 8.9450 4.0850 8.1950
786 5.7050 9.5650 3 5.7350 9.6325 5.6600 9.4450 5.2850 9.1450
787 5.4350 8.3950 3 5.5100 8.5300 5.4350 8.9950 5.2350 7.9950
788 5.5100 8.5300 3 5.4350 8.3950 5.5100 9.0700 5.5532 8.5905
789 5.5850 8.6700 3 5.5532 8.5905 5.6100 8.7200 5.5850 9.2700
790 5.5850 9.2700 3 5.5850 8.6700 5.6350 9.3950 5.5600 9.2200
791 5.6350 9.3950 3 5.6600 9.4450 5.5850 9.2700 5.3350 9.0950
792 5.6600 9.4450 3 5.7050 9.5650 5.6600 8.8700 5.6350 9.3950
793 5.8350 8.8450 3 5.6350 8.6450 5.8350 8.8950 5.9350 8.8450
794 5.6350 8.6450 3 5.8350 8.8450 5.5532 8.5905 5.8350 8.7450
795 5.7850 8.9450 2 5.7850 8.8950 5.7350 8.9450
796 5.7350 8.9450 3 5.7850 8.9450 5.6600 8.8700 5.7350 9.6325
797 5.7850 8.8950 3 5.7850 8.9450 5.6100 8.7200 5.8350 8.8950
798 5.6600 8.8700 3 5.7350 8.9450 5.6100 8.7200 5.6600 9.4450
799 5.6100 8.7200 3 5.7850 8.8950 5.6600 8.8700 5.5850 8.6700
800 6.1350 8.7950 3 5.9850 8.4950 6.1600 8.8700 6.1350 8.5950
801 6.1600 8.8700 3 6.1350 8.7950 5.9850 8.6950 6.2288 9.0075
802 5.9850 8.4950 3 6.1350 8.7950 5.9850 8.6950 5.9600 8.4200
803 5.9850 8.6950 3 6.1600 8.8700 5.9850 8.4950 5.9350 8.6950
804 5.7850 5.5950 2 5.7850 5.5450 5.7850 5.6450
805 5.7850 5.5450 2 5.7850 5.5950 5.7850 5.4950
806 -5.4150 3.4950 1 -5.3150 3.5450
807 -5.3150 3.5450 2 -5.4150 3.4950 -5.1650 3.5950
808 -4.7150 3.6950 2 -4.4150 3.7450 -4.9650 3.6450
809 -4.4150 3.7450 2 -4.7150 3.6950 -4.0650 3.7950
810 -4.0400 3.7981 3 -4.0650 3.7950 -4.0396 3.7950 -4.0400 3.8450
811 -4.0650 3.7950 2 -4.4150 3.7450 -4.0400 3.7981
812 -7.1752 4.7450 2 -7.1778 4.7700 -7.1711 4.6950
813 -7.1778 4.7700 3 -7.1752 4.7450 -7.1752 4.7950 -7.7900 4.7700
814 -7.1650 5.1450 2 -7.1650 5.0950 -7.1660 5.1950
815 -7.9650 7.5950 3 -7.9650 7.5450 -8.4150 8.0450 -7.9150 7.5950
816 -7.9650 7.5450 3 -7.9650 7.5950 -8.0150 7.5450 -7.1650 6.7450
817 -8.0150 7.5450 3 -7.9650 7.5450 -8.2150 7.7450 -8.0150 7.4450
818 -8.4150 8.0450 3 -7.9650 7.5950 -8.2150 7.7450 -8.7150 8.4450
819 -8.2150 7.7450 3 -8.0150 7.5450 -8.4150 8.0450 -8.1150 7.5450
820 -8.2150 7.2950 3 -8.3150 7.3950 -8.2150 7.3950 -8.1150 7.0950
821 -8.2150 7.3950 3 -8.2150 7.2950 -8.4150 7.5950 -8.1650 7.3950
822 -8.3150 7.3950 3 -8.2150 7.2950 -8.4150 7.5950 -8.3150 7.2950
823 -8.4150 7.5950 3 -8.2150 7.3950 -8.3150 7.3950 -8.6150 7.8950
824 -7.1309 6.6950 2 -7.1516 6.6450 -7.1289 6.6999
825 -7.1650 3.6450 2 -7.1650 3.5950 -7.1650 3.6950
826 -7.3650 5.4450 2 -7.6650 5.3950 -7.1900 5.4700
827 -7.6650 5.3950 2 -7.3650 5.4450 -7.9150 5.3450
828 -8.2650 5.2450 2 -8.3650 5.1950 -8.1150 5.2950
829 -7.5786 6.7632 3 -7.5483 6.7450 -7.6550 6.7950 -7.7150 6.9450
830 -7.5483 6.7450 2 -7.5786 6.7632 -7.4594 6.6950
831 -8.3900 7.1450 3 -8.3650 7.1325 -8.5650 7.4950 -8.5400 7.1450
832 -8.7650 7.7950 1 -8.5650 7.4950
833 -8.5650 7.4950 3 -8.3650 7.2950 -8.3900 7.1450 -8.7650 7.7950
834 -8.5400 7.1450 2 -8.3900 7.1450 -8.5400 7.0700
835 -7.1900 6.4950 2 -7.1900 6.5450 -7.1900 6.4450
836 -7.1900 6.5450 2 -7.1900 6.4950 -7.1900 6.5595
837 -7.2650 6.5950 2 -7.1900 6.5595 -7.3650 6.6450
838 -7.1900 6.4450 2 -7.1900 6.3950 -7.1900 6.4950
839 -7.1900 6.3950 2 -7.1900 6.4450 -7.1900 6.3450
840 -7.2650 8.0950 3 -7.3650 8.1950 -7.2650 8.1950 -7.1650 7.8950
841 -7.2650 8.1950 3 -7.2650 8.0950 -7.4650 8.3950 -7.2150 8.1950
842 -7.1650 8.2950 3 -7.9650 9.0950 -7.1650 8.2450 -7.1150 8.2950
843 -7.1650 8.2450 3 -7.1650 8.2950 -7.2150 8.2450 -6.5650 7.6450
844 -7.2150 8.2450 3 -7.6650 8.6950 -7.2150 8.1950 -7.1650 8.2450
845 -4.7150 9.0450 3 -4.7650 9.0950 -4.7150 7.8033 -4.5150 8.8950
846 -4.7650 9.0950 3 -4.7150 9.0450 -4.7650 7.8242 -4.8400 9.1888
847 -4.7150 7.8033 3 -4.7150 9.0450 -4.7650 7.8242 -3.9823 7.4777
848 -4.7650 7.8242 3 -4.7650 9.0950 -4.7150 7.8033 -4.8400 7.8533
849 -4.2150 9.3450 2 -4.1150 9.2450 -4.2150 9.1950
850 -4.3650 9.0950 3 -4.4650 9.1950 -4.3650 9.1950 -4.2650 8.8950
851 -4.3650 9.1950 3 -4.3650 9.0950 -4.5650 9.3950 -4.3150 9.1950
852 -4.0400 6.6950 2 -4.0400 6.7450 -4.0400 6.6450
853 -0.5650 6.5950 2 -0.5650 6.5450 -0.5650 6.6450
854 -0.5650 7.7563 2 -0.5502 7.7477 -0.6400 7.7988
855 -1.1670 8.0430 2 -1.0981 8.0119 -1.2400 8.0780
856 -1.0981 8.0119 2 -1.0278 7.9822 -1.1670 8.0430
857 -2.2150 8.2200 2 -2.1650 8.2190 -2.2650 8.2200
858 -1.8650 9.4450 2 -1.7900 9.2950 -1.9650 9.5450
859 -1.9650 9.5450 2 -1.9650 9.1450 -1.8650 9.4450
860 -1.4650 8.1500 2 -1.5690 8.1812 -1.2400 8.0780
861 -1.5690 8.1812 3 -1.7289 8.2008 -1.5900 8.3700 -1.4650 8.1500
862 -3.1150 9.1950 1 -3.1400 9.0950
863 5.8350 2.4450 2 5.8350 2.4950 5.8350 2.3950
864 5.8350 2.4950 2 5.8350 2.4450 5.8350 2.5450
865 5.8350 2.7950 2 5.8350 2.7450 5.8350 2.8450
866 5.8350 2.6950 2 5.8350 2.7450 5.8350 2.6450
867 5.8350 2.7450 2 5.8350 2.6950 5.8350 2.7950
868 3.9850 3.2950 1 3.8850 3.3450
869 3.8850 3.3450 3 3.9850 3.2950 3.9850 3.3950 2.7630 3.3450
870 5.8158 3.4450 2 5.8129 3.4950 5.8196 3.3950
871 5.8196 3.3950 2 5.8158 3.4450 5.8244 3.3450
872 5.8302 3.2950 2 5.8244 3.3450 5.8350 3.2593
873 5.8244 3.3450 2 5.8302 3.2950 5.8196 3.3950
874 5.8350 3.1450 2 5.8350 3.1950 5.8350 3.0950
875 5.8350 3.1950 2 5.8350 3.1450 5.8350 3.2450
876 6.0850 3.2950 2 5.8350 3.2593 6.3850 3.3450
877 5.8350 3.2593 3 6.0850 3.2950 5.8350 3.2450 5.8302 3.2950
878 5.8350 3.2450 2 5.8350 3.2593 5.8350 3.1950
879 3.2850 2.9450 2 2.9850 2.8950 3.5350 2.9950
880 5.8350 2.8450 2 5.8350 2.8950 5.8350 2.7950
881 5.8350 2.8950 2 5.8350 2.8450 5.8350 2.9450
882 3.9850 3.3950 1 3.8850 3.3450
883 5.7850 4.0950 2 5.7850 4.1450 5.7850 4.0807
884 5.7850 4.1450 2 5.7850 4.0950 5.7850 4.1950
885 5.7850 4.5950 2 5.7850 4.5450 5.7850 4.6450
886 5.7850 4.5450 2 5.7850 4.5950 5.7850 4.4950
887 6.8350 3.4450 2 6.9850 3.4950 6.6350 3.3950
888 6.9850 3.4950 2 6.8350 3.4450 7.0850 3.5450
889 2.7850 2.2450 2 2.7850 2.2950 2.7850 2.1950
890 5.8350 1.1950 2 5.8350 1.1450 5.8350 1.2450
891 5.8350 1.1450 2 5.8350 1.1950 5.8350 1.0950
892 2.7821 1.2950 2 2.7840 1.2450 2.7791 1.3450
893 5.8350 2.2450 2 5.8350 2.2950 5.8350 2.1950
894 2.7850 1.9450 2 2.7850 1.9950 2.7850 1.8950
895 5.8350 1.7450 2 5.8350 1.7950 5.8350 1.6950
896 5.8350 1.7950 2 5.8350 1.7450 5.8350 1.8450
897 4.3350 -1.4050 1 4.3100 -1.4550
898 4.3100 -1.4550 3 4.3350 -1.4050 4.2850 -1.4050 4.3100 -2.8887
899 4.2850 -1.4050 1 4.3100 -1.4550
900 5.8350 0.6450 2 5.8350 0.5950 5.8350 0.6950
901 2.7600 0.1450 2 2.7600 0.0950 2.7600 0.1950
902 3.5350 -0.1050 2 3.7350 -0.0550 3.2850 -0.1550
903 3.7350 -0.0550 2 3.5350 -0.1050 3.8850 -0.0050
904 5.8350 -0.0050 2 5.8350 0.0450 5.8350 -0.0550
905 5.8350 0.0450 2 5.8350 -0.0050 5.8350 0.0950
906 5.8350 0.1950 2 5.8350 0.1450 5.8350 0.2450
907 3.5350 0.3950 2 3.7350 0.3450 3.2850 0.4450
908 3.7350 0.3450 2 3.5350 0.3950 3.8850 0.2950
909 5.8350 0.4450 2 5.8350 0.3950 5.8350 0.4950
910 5.8350 -1.3550 2 5.8350 -1.3050 5.8341 -1.4050
911 5.8350 -1.3050 2 5.8350 -1.3550 5.8350 -1.2550
912 5.8350 -0.7550 2 5.8350 -0.7050 5.8350 -0.8050
913 5.5850 -4.2050 3 5.4850 -4.1050 5.7850 -4.3050 5.4850 -4.2050
914 5.7850 -4.3050 3 5.5850 -4.2050 5.5850 -4.1050 6.0850 -4.5050
915 5.4850 -4.1050 3 5.5850 -4.2050 5.5850 -4.1050 5.3017 -4.0133
916 5.5850 -4.1050 3 5.7850 -4.3050 5.4850 -4.1050 5.5850 -4.0550
917 6.0850 -3.6050 3 5.8850 -3.4050 6.0850 -3.6550 6.1850 -3.6050
918 6.0350 -3.6550 3 6.0850 -3.6550 5.5850 -3.2050 6.0350 -3.7050
919 6.0850 -3.6550 3 6.0850 -3.6050 6.0350 -3.6550 6.5350 -4.1050
920 5.5850 -3.2050 3 6.0350 -3.6550 5.8850 -3.4050 4.9850 -2.7550
921 5.8850 -3.4050 3 6.0850 -3.6050 5.5850 -3.2050 6.0850 -3.5050
922 3.9350 -4.5050 3 3.9350 -2.9219 4.0350 -4.6050 3.8850 -4.5050
923 2.2850 -3.1146 3 2.3850 -3.0838 2.2850 -4.6050 2.1100 -3.1651
924 2.3850 -3.0838 2 2.2850 -3.1146 2.4850 -3.0473
925 2.2850 -4.6050 2 2.2850 -3.1146 2.1850 -4.5050
926 -0.7150 -4.4550 2 -0.6400 -4.3050 -0.8150 -4.5550
927 -0.6400 -4.3050 2 -0.7150 -4.4550 -0.5400 -3.9050
928 -1.0650 -4.5550 2 -0.9150 -4.2550 -1.0650 -4.3050
929 -0.9150 -4.2550 3 -1.0650 -4.5550 -0.9150 -4.5050 -0.6650 -3.5050
930 -0.9150 -4.5050 2 -0.9150 -4.2550 -0.8150 -4.4050
931 1.7850 -4.6050 2 1.7850 -3.2275 1.6850 -4.5050
932 1.7850 -3.2275 3 1.7850 -4.6050 1.8600 -3.2158 1.4007 -3.2803
933 1.8600 -3.2158 2 1.7850 -3.2275 1.9350 -3.2011
934 2.6350 -4.4050 1 2.6600 -4.3300
935 1.5100 -4.4050 2 1.5350 -4.5050 1.5100 -4.1550
936 1.5350 -4.5050 2 1.5100 -4.4050 1.6850 -4.6550
937 2.6850 -4.4050 2 2.7350 -4.5050 2.6600 -4.3300
938 2.7350 -4.5050 2 2.6850 -4.4050 2.8350 -4.6050
939 2.1850 -4.5050 2 2.1350 -4.4050 2.2850 -4.6050
940 2.1350 -4.4050 2 2.1850 -4.5050 2.1100 -4.3300
941 -0.4900 -1.9050 2 -0.4770 -2.7091 -0.4900 -1.8550
942 -2.5650 -1.9550 2 -3.5317 -2.4383 -2.4650 -1.9550
943 -0.4900 -1.8550 2 -0.4900 -1.9050 -0.4900 -1.8050
944 3.5100 -2.8623 3 3.5100 -4.5800 3.4350 -2.8453 3.5850 -2.8768
945 3.4350 -2.8453 3 3.5100 -2.8623 3.4350 -4.5050 3.0634 -2.7554
946 3.5100 -4.5800 2 3.5100 -2.8623 3.4350 -4.5050
947 3.4350 -4.5050 3 3.4350 -2.8453 3.5100 -4.5800 3.3850 -4.5050
948 2.7144 4.6950 2 2.7100 4.6629 2.7203 4.7450
949 0.9350 5.1450 1 0.8850 5.1700
950 0.9350 5.1950 1 0.8850 5.1700
951 2.7100 4.5950 2 2.7100 4.5450 2.7100 4.6450
952 2.7100 4.5450 2 2.7100 4.5950 2.7100 4.4950
953 4.6600 9.2700 2 4.7350 9.3450 4.6100 9.1200
954 4.7350 9.3450 2 4.6600 9.2700 4.7850 9.3450
955 1.2350 9.4450 3 0.9517 8.8783 1.2350 9.5950 1.3350 9.5450
956 1.2350 9.5950 2 1.1350 9.4950 1.2350 9.4450
957 -8.2650 -0.5550 1 -8.1650 -0.5050
958 -8.1650 -0.5050 2 -8.2650 -0.5550 -8.0150 -0.4550
959 -7.5650 -0.3550 2 -7.2650 -0.3050 -7.8150 -0.4050
960 -8.1650 -1.0050 2 -8.0150 -1.0550 -8.2650 -0.9550
961 -8.0150 -1.0550 3 -8.1650 -1.0050 -8.1650 -1.1050 -7.0962 -1.0550
962 -7.1390 0.3950 2 -7.1400 0.3450 -7.1369 0.4450
963 -7.1400 0.3450 2 -7.1390 0.3950 -7.1400 0.2950
964 -7.1244 0.0450 2 -7.1181 -0.0050 -7.1296 0.0950
965 -7.1181 -0.0050 2 -7.1244 0.0450 -7.1150 -0.0264
966 -7.1150 -0.1050 2 -7.1150 -0.0550 -7.1150 -0.1550
967 -7.1150 -0.2550 2 -7.1150 -0.2836 -7.1150 -0.2050
968 -5.9650 0.3950 1 -6.0650 0.4450
969 -8.3150 2.0450 1 -8.2150 2.0950
970 -8.2150 2.0950 2 -8.3150 2.0450 -8.0650 2.1450
971 -3.9650 2.6450 2 -3.9650 2.5950 -3.9650 2.6950
972 -3.9650 2.7950 2 -3.9650 2.7450 -3.9650 2.8450
973 -4.0282 3.6950 2 -4.0334 3.7450 -4.0238 3.6450
974 -4.0238 3.6450 2 -4.0203 3.5950 -4.0282 3.6950
975 -3.5650 2.9450 2 -3.9150 2.8950 -3.2650 2.9950
976 -3.9150 2.8950 3 -2.7150 3.2950 -3.9650 2.8859 -3.5650 2.9450
977 -3.0150 3.0450 2 -3.2650 2.9950 -2.8150 3.0950
978 -3.2650 2.9950 2 -3.0150 3.0450 -3.5650 2.9450
979 -2.5650 3.1950 1 -2.6650 3.1450
980 -2.6650 3.1450 2 -2.8150 3.0950 -2.5650 3.1950
981 -3.9650 2.6950 2 -3.9650 2.7450 -3.9650 2.6450
982 -3.9650 2.7450 2 -3.9650 2.7950 -3.9650 2.6950
983 -7.1650 3.1950 2 -7.1650 3.1450 -7.1650 3.2450
984 -8.1150 -2.4050 3 -7.9150 -2.2050 -8.0150 -2.2050 -8.1775 -2.4987
985 -8.0150 -2.2050 3 -8.1150 -2.4050 -7.9150 -2.1050 -8.0150 -2.1050
986 -7.9150 -2.2050 3 -8.1150 -2.4050 -7.9150 -2.1050 -7.8650 -2.2050
987 -7.9150 -2.1050 3 -8.0150 -2.2050 -7.9150 -2.2050 -7.8150 -1.9050
988 -1.6150 -3.9550 3 -1.7650 -4.2550 -1.3650 -3.2050 -1.6150 -4.2050
989 -1.3650 -3.2050 3 -1.6150 -3.9550 -1.7650 -4.0050 -1.2501 -2.9178
990 -1.7650 -4.2550 2 -1.6150 -3.9550 -1.7650 -4.0050
991 -1.7650 -4.0050 3 -1.3650 -3.2050 -1.7650 -4.2550 -1.8650 -4.1050
992 -3.4317 -2.9883 3 -3.4150 -2.9300 -3.7150 -3.5550 -3.5150 -3.4050
993 -3.7150 -3.7050 2 -3.7150 -3.5550 -3.6150 -3.6050
994 -3.8150 -3.6550 2 -3.7150 -3.5550 -3.8150 -3.5050
995 -3.7150 -3.5550 3 -3.7150 -3.7050 -3.8150 -3.6550 -3.4317 -2.9883
996 -7.6150 -2.5550 3 -7.6650 -2.5550 -7.6150 -2.6050 -6.8775 -1.8175
997 -7.6650 -2.5550 2 -7.6150 -2.5550 -7.6650 -2.5050
998 -7.6150 -2.6050 2 -7.6150 -2.5550 -7.5650 -2.6050
999 -7.2150 -2.9550 3 -7.2150 -3.0050 -7.2650 -2.9550 -6.7950 -2.5350
1000 -7.2150 -3.0050 2 -7.2150 -2.9550 -7.1650 -3.0050
1001 -7.2650 -2.9550 2 -7.2150 -2.9550 -7.2650 -2.9050
1002 -4.0400 6.3950 2 -4.0400 6.3450 -4.0400 6.4450
1003 -4.0400 6.3450 2 -4.0400 6.3950 -4.0400 6.2950
1004 -2.6150 5.5950 1 -2.7150 5.6450
1005 -2.7150 5.6450 3 -2.6150 5.5950 -2.6150 5.6950 -4.0374 5.6450
1006 -0.5650 5.3450 2 -0.5650 5.3950 -0.5650 5.2950
1007 -0.5650 5.3950 2 -0.5650 5.3450 -0.5650 5.4450
1008 -0.5650 5.5450 2 -0.5650 5.5950 -0.5650 5.4950
1009 -0.5650 4.9450 2 -0.5650 4.8950 -0.5650 4.9950
1010 -0.5650 4.8950 2 -0.5650 4.9450 -0.5650 4.8450
1011 -0.5650 5.0450 2 -0.5650 4.9950 -0.5650 5.0950
1012 -0.5650 4.9950 2 -0.5650 5.0450 -0.5650 4.9450
1013 -0.5642 5.1950 2 -0.5634 5.1700 -0.5650 5.2450
1014 -0.5650 5.0950 2 -0.5642 5.1450 -0.5650 5.0450
1015 -0.5642 5.1450 2 -0.5650 5.0950 -0.5634 5.1700
1016 -0.5650 4.7950 2 -0.5650 4.7450 -0.5650 4.8450
1017 -0.5650 4.7450 2 -0.5650 4.7950 -0.5650 4.6950
1018 2.7390 3.6450 2 2.7450 3.5950 2.7320 3.6950
1019 1.3350 6.8950 1 1.3850 6.8950
1020 1.3350 8.1981 2 1.2850 8.2011 1.4238 8.1944
1021 1.2850 8.2011 2 1.3350 8.1981 1.2350 8.2052
1022 1.2350 6.8950 0 
1023 1.1350 6.8200 1 1.0850 6.8200
1024 -0.5650 6.8450 2 -0.5502 7.7477 -0.5650 6.7950
1025 -0.5650 6.7950 2 -0.5650 6.8450 -0.5650 6.7450
1026 2.7310 6.5950 2 2.7250 6.6450 2.7350 6.5664
1027 4.7317 8.0852 3 4.4350 7.1950 4.4019 8.1795 4.7634 8.0786
1028 4.4019 8.1795 3 4.7317 8.0852 4.2850 7.5950 4.3966 8.1817
1029 2.7160 6.7450 2 2.7200 6.6950 2.7130 6.7950
1030 -0.5650 6.2450 2 -0.5650 6.2950 -0.5650 6.1950
1031 -0.5650 6.2950 2 -0.5650 6.2450 -0.5650 6.3450
1032 -4.0400 6.2450 2 -4.0400 6.1950 -4.0400 6.2950
1033 -4.0400 6.1950 2 -4.0400 6.2450 -4.0400 6.1450
1034 -4.0400 6.0950 2 -4.0400 6.1450 -4.0400 6.0450
1035 -4.0400 6.1450 2 -4.0400 6.0950 -4.0400 6.1950
1036 5.2850 9.1450 3 5.7050 9.5650 5.2350 9.1450 5.2850 9.0950
1037 5.2350 9.1450 2 5.2850 9.1450 5.1600 9.0700
1038 5.1600 9.0700 3 5.2350 9.1450 5.1100 8.9200 5.1600 9.6450
1039 4.4350 7.1950 2 4.7317 8.0852 4.3850 7.0950
1040 4.3850 7.0950 1 4.4350 7.1950
1041 5.3902 7.6812 3 5.1720 7.8795 5.8913 8.2825 5.4679 7.5813
1042 5.4679 7.5813 3 5.3902 7.6812 5.6293 7.3005 5.4850 7.5950
1043 5.4350 8.9950 3 5.4350 8.3950 5.5100 9.0700 5.3850 8.9950
1044 5.5600 9.2200 3 5.5850 9.2700 5.5100 9.0700 5.3850 9.0450
1045 5.5100 9.0700 3 5.5100 8.5300 5.4350 8.9950 5.5600 9.2200
1046 5.9350 8.7450 3 6.1350 8.9450 5.8350 8.7450 5.9350 8.6950
1047 5.8350 8.7450 3 5.9350 8.7450 5.9350 8.8450 5.6350 8.6450
1048 6.1350 8.9450 3 5.9350 8.7450 5.9350 8.8450 6.2288 9.0075
1049 5.9350 8.8450 3 5.8350 8.7450 6.1350 8.9450 5.8350 8.8450
1050 5.7850 5.4950 2 5.7850 5.5450 5.7850 5.4450
1051 6.9350 6.7950 2 6.7850 6.7450 7.0350 6.8450
1052 6.7850 6.7450 2 6.9350 6.7950 6.5850 6.6950
1053 6.3350 6.6450 2 6.5850 6.6950 6.0350 6.5950
1054 6.5850 6.6950 2 6.3350 6.6450 6.7850 6.7450
1055 7.1350 7.2950 3 7.1850 7.2950 7.1350 7.1950 7.0600 7.3200
1056 5.7850 6.5593 3 5.7850 6.5450 6.0350 6.5950 5.7802 6.5950
1057 6.0350 6.5950 2 6.3350 6.6450 5.7850 6.5593
1058 5.7850 4.8950 2 5.7850 4.8450 5.7850 4.9450
1059 5.7850 5.4450 2 5.7850 5.4950 5.7850 5.3950
1060 5.7850 4.7450 2 5.7850 4.6950 5.7850 4.7950
1061 5.7850 4.6450 2 5.7850 4.6950 5.7850 4.5950
1062 5.7850 4.6950 2 5.7850 4.6450 5.7850 4.7450
1063 -4.9650 3.6450 2 -4.7150 3.6950 -5.1650 3.5950
1064 -5.1650 3.5950 2 -5.3150 3.5450 -4.9650 3.6450
1065 -4.0400 3.8950 2 -4.0400 3.8450 -4.0400 3.9450
1066 -4.0400 3.8450 2 -4.0400 3.8950 -4.0400 3.7981
1067 -4.0400 4.1450 2 -4.0400 4.0950 -4.0400 4.1950
1068 -4.0400 4.1950 2 -4.0400 4.2450 -4.0400 4.1450
1069 -4.0400 4.2950 2 -4.0400 4.2450 -4.0400 4.3450
1070 -4.0400 4.2450 2 -4.0400 4.1950 -4.0400 4.2950
1071 -4.0400 3.9450 2 -4.0400 3.9950 -4.0400 3.8950
1072 -4.0400 3.9950 2 -4.0400 3.9450 -4.0400 4.0450
1073 -4.0400 4.0950 2 -4.0400 4.0450 -4.0400 4.1450
1074 -4.0400 4.0450 2 -4.0400 4.0950 -4.0400 3.9950
1075 -4.0391 5.2950 2 -4.0400 5.3450 -4.0374 5.2450
1076 -7.1711 4.8450 2 -7.1752 4.7950 -7.1681 4.8950
1077 -7.1752 4.7950 2 -7.1778 4.7700 -7.1711 4.8450
1078 -4.0400 4.8950 2 -4.0400 4.8450 -4.0400 4.9450
1079 -4.0400 4.8450 2 -4.0400 4.8950 -4.0400 4.7950
1080 -7.1650 5.0450 2 -7.1650 5.0950 -7.1650 4.9950
1081 -7.1650 5.0950 2 -7.1650 5.0450 -7.1650 5.1450
1082 -7.1735 6.5950 2 -7.1900 6.5595 -7.1516 6.6450
1083 -7.1516 6.6450 2 -7.1309 6.6950 -7.1735 6.5950
1084 -8.2650 4.8950 2 -8.3650 4.9450 -8.1150 4.8450
1085 -8.3650 4.9450 1 -8.2650 4.8950
1086 -7.1655 4.3200 3 -8.3900 4.3200 -7.1650 4.2950 -7.1650 4.3450
1087 -7.1650 4.1450 2 -7.1650 4.0950 -7.1650 4.1950
1088 -7.9150 5.3450 2 -8.1150 5.2950 -7.6650 5.3950
1089 -8.1150 5.2950 2 -7.9150 5.3450 -8.2650 5.2450
1090 -7.6550 6.7950 2 -7.5786 6.7632 -7.7650 6.8450
1091 -8.6483 7.0617 1 -8.7150 7.0950
1092 -8.7150 7.0950 2 -8.6483 7.0617 -8.7650 7.1450
1093 -8.8150 7.1950 1 -8.7650 7.1450
1094 -8.7650 7.1450 2 -8.7150 7.0950 -8.8150 7.1950
1095 -7.1900 6.3450 2 -7.1900 6.3950 -7.1900 6.2950
1096 -7.1900 6.2950 2 -7.1900 6.3450 -7.1900 6.2450
1097 -7.3650 8.1950 3 -7.4650 8.3950 -7.3650 8.0950 -7.2650 8.0950
1098 -7.3650 8.0950 3 -7.3650 8.1950 -7.4650 8.0950 -7.1650 7.8950
1099 -7.4650 8.3950 3 -7.3650 8.1950 -7.6650 8.6950 -7.2650 8.1950
1100 -7.4650 8.0950 3 -7.3650 8.0950 -7.6650 8.1950 -7.3650 7.9950
1101 -7.6650 8.6950 3 -7.4650 8.3950 -7.9650 9.0950 -7.2150 8.2450
1102 -7.9650 9.0950 3 -7.6650 8.6950 -8.3650 9.5950 -7.1650 8.2950
1103 -8.3650 9.5950 2 -7.9650 9.0950 -7.1150 8.3450
1104 -7.6650 8.1950 3 -7.4650 8.0950 -7.5650 7.9950 -7.4650 7.9950
1105 -4.3150 9.1950 3 -4.3150 9.2950 -4.1150 8.9950 -4.3650 9.1950
1106 -4.3150 9.2950 2 -4.3150 9.1950 -4.2150 9.1950
1107 -4.1150 8.9950 3 -4.3150 9.1950 -4.2150 9.1950 -3.6150 8.2450
1108 -4.2150 9.1950 3 -4.3150 9.2950 -4.1150 8.9950 -4.2150 9.3450
1109 -4.5650 9.3950 2 -4.4650 9.1950 -4.3650 9.1950
1110 -4.4650 9.1950 3 -4.5650 9.3950 -4.4650 9.0950 -4.3650 9.0950
1111 -4.5150 9.0950 3 -4.4650 9.0950 -5.0567 9.6367 -4.5150 8.8950
1112 -4.4650 9.0950 3 -4.4650 9.1950 -4.5150 9.0950 -4.2650 8.8950
1113 -5.0567 9.6367 2 -4.5150 9.0950 -4.9900 9.4700
1114 -0.5650 6.6950 2 -0.5650 6.6450 -0.5650 6.7450
1115 -0.5650 6.6450 2 -0.5650 6.6950 -0.5650 6.5950
1116 -4.0374 6.8950 2 -4.0391 6.8450 -4.0322 6.9950
1117 -4.0391 6.8450 2 -4.0374 6.8950 -4.0400 6.7950
1118 -4.0400 6.7950 2 -4.0400 6.7450 -4.0391 6.8450
1119 -4.0400 6.7450 2 -4.0400 6.7950 -4.0400 6.6950
1120 -0.7150 7.8384 2 -0.6400 7.7988 -0.8650 7.9148
1121 -0.6400 7.7988 2 -0.7150 7.8384 -0.5650 7.7563
1122 -1.0150 7.9771 2 -0.8650 7.9148 -1.0278 7.9822
1123 -0.8650 7.9148 2 -1.0150 7.9771 -0.7150 7.8384
1124 -1.1650 9.3950 1 -1.2400 9.1700
1125 -1.7150 8.9950 2 -1.5900 8.3700 -1.7900 9.2950
1126 -1.5900 8.3700 2 -1.7150 8.9950 -1.5690 8.1812
1127 2.7850 2.8664 3 2.9850 2.8950 2.7850 2.8450 2.7810 2.8950
1128 2.7810 2.8950 2 2.7850 2.8664 2.7750 2.9450
1129 3.7350 3.0450 2 3.5350 2.9950 3.8850 3.0950
1130 3.5350 2.9950 2 3.7350 3.0450 3.2850 2.9450
1131 5.7850 4.4450 2 5.7850 4.4950 5.7850 4.3950
1132 5.7850 4.2950 2 5.7850 4.3450 5.7850 4.2450
1133 2.7850 1.1450 2 2.7850 1.0950 2.7850 1.1950
1134 2.7850 1.0950 2 2.7850 1.1450 2.7850 1.0450
1135 2.7850 2.3950 2 2.7850 2.4450 2.7850 2.3450
1136 2.7850 2.4450 2 2.7850 2.3950 2.7850 2.4950
1137 2.7850 2.3450 2 2.7850 2.2950 2.7850 2.3950
1138 2.7850 2.2950 2 2.7850 2.3450 2.7850 2.2450
1139 5.8350 1.4450 2 5.8350 1.4950 5.8350 1.3950
1140 5.8350 1.4950 2 5.8350 1.4450 5.8350 1.5450
1141 2.7850 1.4950 2 2.7840 1.4450 2.7850 1.5450
1142 5.8350 1.6450 2 5.8350 1.6950 5.8350 1.5950
1143 2.7821 1.3950 2 2.7791 1.3450 2.7840 1.4450
1144 2.7791 1.3450 3 2.7821 1.3950 2.7821 1.2950 1.7850 1.3450
1145 5.8350 2.1950 2 5.8350 2.2450 5.8350 2.1450
1146 5.8350 2.1450 2 5.8350 2.1950 5.8350 2.0950
1147 2.7850 2.0950 2 2.7850 2.1450 2.7850 2.0450
1148 3.0069 -2.4831 2 3.0634 -2.7554 2.9881 -2.4019
1149 5.8350 0.7950 2 5.8350 0.8450 5.8350 0.7450
1150 5.8350 0.8450 2 5.8350 0.7950 5.8350 0.8950
1151 5.8350 0.9450 2 5.8350 0.8950 5.8350 0.9950
1152 5.8350 0.8950 2 5.8350 0.9450 5.8350 0.8450
1153 5.8350 0.7450 2 5.8350 0.6950 5.8350 0.7950
1154 5.8350 0.6950 2 5.8350 0.7450 5.8350 0.6450
1155 2.7600 0.1950 2 2.7600 0.1450 2.7610 0.2450
1156 2.7610 0.2450 2 2.7600 0.1950 2.7660 0.3700
1157 2.7600 0.0950 2 2.7600 0.1450 2.7610 0.0450
1158 2.7610 0.0450 2 2.7600 0.0950 2.7630 -0.0050
1159 2.7660 -0.0550 2 2.7630 -0.0050 2.7700 -0.1050
1160 2.7630 -0.0050 2 2.7660 -0.0550 2.7610 0.0450
1161 5.8350 -0.2050 2 5.8350 -0.2550 5.8350 -0.1550
1162 5.8350 -0.2550 2 5.8350 -0.2050 5.8350 -0.3050
1163 5.8350 0.2950 2 5.8350 0.2450 5.8350 0.3450
1164 5.8350 0.2450 2 5.8350 0.2950 5.8350 0.1950
1165 5.8350 0.3950 2 5.8350 0.3450 5.8350 0.4450
1166 5.8350 0.3450 2 5.8350 0.3950 5.8350 0.2950
1167 5.8350 0.5450 2 5.8350 0.4950 5.8350 0.5950
1168 5.8350 0.4950 2 5.8350 0.5450 5.8350 0.4450
1169 7.1350 -1.5050 1 7.0850 -1.5300
1170 5.8350 -0.8550 2 5.8350 -0.8050 5.8350 -0.9050
1171 5.8350 -0.8050 2 5.8350 -0.8550 5.8350 -0.7550
1172 4.0350 -3.0800 3 4.0095 -2.9267 4.0350 -4.6050 4.1350 -3.5300
1173 4.1350 -3.5300 2 4.0350 -3.0800 4.2933 -4.1633
1174 4.0350 -4.6050 2 3.9350 -4.5050 4.0350 -3.0800
1175 4.4850 -4.5050 2 4.4850 -4.4550 4.4350 -4.5050
1176 3.7850 -4.3550 2 3.7600 -4.2800 3.8350 -4.4550
1177 -3.9900 -1.2050 2 -3.9900 -1.2550 -3.9900 -1.1550
1178 -2.4650 -1.9550 2 -2.5650 -1.9550 -2.4650 -2.8939
1179 -2.4650 -2.8939 3 -2.7150 -2.8661 -2.4650 -1.9550 -2.4150 -2.9008
1180 2.7810 -0.2050 2 2.7750 -0.1550 2.7850 -0.2336
1181 2.9850 -0.2050 2 3.2850 -0.1550 2.7850 -0.2336
1182 2.7850 -0.2336 3 2.7810 -0.2050 2.9850 -0.2050 2.7850 -0.2550
1183 -0.4900 -1.6050 2 -0.4900 -1.6550 -0.4900 -1.5550
1184 -2.2650 -2.0050 1 -2.2900 -2.0550
1185 -0.4900 -1.7550 2 -0.4900 -1.8050 -0.4900 -1.7050
1186 -0.4900 -1.8050 2 -0.4900 -1.7550 -0.4900 -1.8550
1187 2.7350 5.4950 2 2.7350 5.5450 2.7350 5.4450
1188 2.1850 4.7450 2 1.9350 4.7950 2.4850 4.6950
1189 2.4850 4.6950 2 2.7100 4.6629 2.1850 4.7450
1190 2.7100 4.6629 3 2.7100 4.6450 2.7144 4.6950 2.4850 4.6950
1191 2.7100 4.6450 2 2.7100 4.6629 2.7100 4.5950
1192 2.7350 5.1450 2 2.7350 5.0950 2.7350 5.1950
1193 5.7850 5.0950 2 5.7850 5.1450 5.7850 5.0450
1194 5.7850 5.1450 2 5.7850 5.0950 5.7850 5.1950
1195 4.8850 9.2450 3 4.8350 9.2450 4.8850 9.1950 5.0600 9.4200
1196 1.4850 9.5950 2 1.3350 9.2950 1.4850 8.4700
1197 1.3350 9.2950 3 1.4850 9.5950 1.3350 9.5450 0.9817 8.2352
1198 1.3350 9.5450 2 1.3350 9.2950 1.2350 9.4450
1199 -8.0150 -0.4550 2 -7.8150 -0.4050 -8.1650 -0.5050
1200 -7.8150 -0.4050 2 -8.0150 -0.4550 -7.5650 -0.3550
1201 -7.0910 -0.9550 2 -7.0900 -0.9050 -7.0931 -1.0050
1202 -7.0900 -0.8050 2 -7.0900 -0.8550 -7.0900 -0.7550
1203 -7.1150 -0.1550 2 -7.1150 -0.2050 -7.1150 -0.1050
1204 -7.1150 -0.2050 2 -7.1150 -0.1550 -7.1150 -0.2550
1205 -5.9650 0.2450 1 -6.0650 0.1950
1206 -6.0650 0.1950 2 -6.2150 0.1450 -5.9650 0.2450
1207 -6.2150 0.1450 2 -6.0650 0.1950 -6.4150 0.0950
1208 -6.9650 -0.0050 2 -7.1150 -0.0264 -6.6650 0.0450
1209 -3.9650 2.5950 2 -3.9650 2.5450 -3.9650 2.6450
1210 -3.9650 2.5450 2 -3.9650 2.5950 -3.9650 2.4950
1211 -7.1650 2.6950 2 -7.1650 2.7450 -7.1650 2.6450
1212 -7.1650 3.0950 2 -7.1650 3.0450 -7.1650 3.1450
1213 -7.1650 3.0450 2 -7.1650 3.0950 -7.1650 2.9950
1214 -7.1650 2.9450 2 -7.1650 2.9950 -7.1650 2.8950
1215 -7.1650 2.9950 2 -7.1650 2.9450 -7.1650 3.0450
1216 -7.1650 2.7450 2 -7.1650 2.7950 -7.1650 2.6950
1217 -7.1650 2.7950 2 -7.1650 2.7450 -7.1650 2.8450
1218 -7.1650 2.8950 2 -7.1650 2.8450 -7.1650 2.9450
1219 -7.1650 2.8450 2 -7.1650 2.8950 -7.1650 2.7950
1220 -0.5650 3.6450 2 -0.5650 3.5950 -0.5650 3.6950
1221 -0.5650 3.5950 2 -0.5650 3.6450 -0.5650 3.5450
1222 -0.5650 3.4450 2 -0.5650 3.3950 -0.5650 3.4950
1223 -3.3650 -3.8550 3 -3.4150 -4.0050 -3.3650 -2.7300 -3.3150 -3.7550
1224 -3.4150 -4.0050 3 -3.3650 -3.8550 -3.4150 -2.9300 -3.5150 -4.4050
1225 -3.3650 -2.7300 3 -3.3650 -3.8550 -3.4150 -2.9300 -3.3400 -2.6175
1226 -3.4150 -2.9300 3 -3.4150 -4.0050 -3.3650 -2.7300 -3.4317 -2.9883
1227 -3.6150 -3.6050 2 -3.5150 -3.4050 -3.7150 -3.7050
1228 -3.5150 -3.4050 3 -3.6150 -3.6050 -3.5150 -4.4050 -3.4317 -2.9883
1229 -3.5150 -4.4050 3 -3.5150 -3.4050 -3.4150 -4.0050 -3.2150 -3.8050
1230 -7.1900 6.1450 2 -7.1900 6.1950 -7.1900 6.0950
1231 -4.0391 5.6950 2 -4.0374 5.6450 -4.0400 5.7450
1232 -4.0374 5.6450 3 -4.0391 5.6950 -2.7150 5.6450 -4.0391 5.5950
1233 -0.5650 5.4450 2 -0.5650 5.4950 -0.5650 5.3950
1234 -0.5650 5.4950 2 -0.5650 5.4450 -0.5650 5.5450
1235 -0.5650 5.2450 2 -0.5650 5.2950 -0.5642 5.1950
1236 -0.5650 5.2950 2 -0.5650 5.2450 -0.5650 5.3450
1237 -0.5650 3.7450 2 -0.5650 3.6950 -0.5650 3.7950
1238 -0.5650 3.6950 2 -0.5650 3.7450 -0.5650 3.6450
1239 1.7850 3.4950 2 2.7263 3.7303 1.6350 3.4450
1240 2.7450 3.5950 2 2.7390 3.6450 2.7500 3.5450
1241 2.7320 3.6950 2 2.7263 3.7303 2.7390 3.6450
1242 2.7263 3.7303 3 2.7320 3.6950 2.7252 3.7450 1.7850 3.4950
1243 2.7252 3.7450 2 2.7263 3.7303 2.7203 3.7950
1244 2.7100 3.8771 3 2.7100 3.8950 2.7144 3.8450 2.4850 3.8450
1245 -3.4900 7.9705 3 -3.4900 9.5200 -3.5219 7.9571 -3.1645 8.0942
1246 -3.5522 7.9322 2 -3.5704 7.9180 -3.5219 7.9571
1247 -3.5219 7.9571 3 -3.6085 8.2341 -3.4900 7.9705 -3.5522 7.9322
1248 -2.6150 6.8450 1 -3.9483 7.5117
1249 4.2850 7.5950 2 4.4019 8.1795 4.2350 7.3950
1250 2.7110 6.8450 2 2.7130 6.7950 2.7090 6.9450
1251 2.7130 6.7950 2 2.7110 6.8450 2.7160 6.7450
1252 2.7040 7.0450 2 2.7070 6.9950 2.7000 7.0950
1253 2.7350 6.5664 3 2.7310 6.5950 2.7350 6.5450 2.9350 6.5950
1254 2.7350 6.5450 2 2.7350 6.5664 2.7350 6.4950
1255 5.1100 8.9200 3 5.1600 9.0700 5.2850 9.0950 5.0850 8.8700
1256 5.3350 9.0950 3 5.6350 9.3950 5.2850 9.0950 5.3350 9.0450
1257 5.2850 9.0950 3 5.2850 9.1450 5.1100 8.9200 5.3350 9.0950
1258 5.0850 8.8700 3 5.0350 8.7450 5.1100 8.9200 5.0850 9.4700
1259 5.0600 9.4200 3 4.8850 9.2450 5.0100 9.2700 5.0850 9.4700
1260 5.0850 9.4700 3 5.0850 8.8700 5.0600 9.4200 5.1350 9.5950
1261 5.7600 6.8950 2 5.7610 6.8450 5.7600 6.9450
1262 5.7629 6.7950 2 5.7610 6.8450 5.7658 6.7450
1263 5.7610 6.8450 2 5.7600 6.8950 5.7629 6.7950
1264 3.9350 6.8450 1 3.8350 6.7950
1265 5.9600 8.4200 3 5.9850 8.4950 6.1350 8.5950 5.8913 8.2825
1266 5.8913 8.2825 3 5.3902 7.6812 5.9600 8.4200 5.9850 8.3450
1267 6.1850 8.5950 2 6.1350 8.5950 6.1850 8.5450
1268 6.1350 8.5950 3 6.1350 8.7950 5.9600 8.4200 6.1850 8.5950
1269 5.7543 6.9950 2 5.6293 7.3005 5.7558 6.9916
1270 5.6293 7.3005 3 5.4679 7.5813 5.7543 6.9950 5.6850 7.3450
1271 5.7850 6.5450 2 5.7850 6.4950 5.7850 6.5593
1272 5.7850 6.4950 2 5.7850 6.5450 5.7850 6.4450
1273 7.1850 7.3950 2 7.1850 7.2950 7.1350 7.3950
1274 7.2100 7.1950 1 7.2100 7.2450
1275 7.1350 7.1950 3 7.1850 7.1450 7.1350 7.2950 6.7850 7.1950
1276 6.7850 7.1950 3 7.1350 7.1950 7.0100 7.1200 6.6482 7.2292
1277 7.1850 7.1450 2 7.1350 7.1950 7.1350 7.1200
1278 5.7850 6.3950 2 5.7850 6.4450 5.7850 6.3450
1279 5.7850 6.4450 2 5.7850 6.3950 5.7850 6.4950
1280 5.7850 5.1950 2 5.7850 5.1450 5.7850 5.2450
1281 5.7850 5.2450 2 5.7850 5.1950 5.7850 5.2950
1282 5.7850 5.2950 2 5.7850 5.2450 5.7850 5.3450
1283 5.7850 4.8450 2 5.7850 4.7950 5.7850 4.8950
1284 5.7850 4.7950 2 5.7850 4.8450 5.7850 4.7450
1285 -7.1650 4.0950 2 -7.1650 4.0450 -7.1650 4.1450
1286 -7.1650 4.0450 2 -7.1650 4.0950 -7.1650 3.9950
1287 -7.1650 3.9950 2 -7.1650 4.0450 -7.1650 3.9450
1288 -7.1650 3.7950 2 -7.1650 3.7450 -7.1650 3.8450
1289 -4.0400 4.5450 2 -4.0400 4.5950 -4.0400 4.4950
1290 -7.1650 4.5450 2 -7.1660 4.5950 -7.1650 4.4950
1291 -7.1660 4.5950 2 -7.1681 4.6450 -7.1650 4.5450
1292 -7.1711 4.6950 2 -7.1752 4.7450 -7.1681 4.6450
1293 -7.1681 4.6450 2 -7.1660 4.5950 -7.1711 4.6950
1294 -7.1650 4.9950 2 -7.1650 5.0450 -7.1660 4.9450
1295 -4.0400 4.7450 2 -4.0400 4.7950 -4.0400 4.6950
1296 -4.0400 4.7950 2 -4.0400 4.7450 -4.0400 4.8450
1297 -7.1681 5.2450 2 -7.1660 5.1950 -7.1711 5.2950
1298 -7.1660 5.1950 2 -7.1681 5.2450 -7.1650 5.1450
1299 -5.5900 6.9700 1 -5.5900 6.9950
1300 -5.9260 7.9865 3 -6.2650 8.4950 -5.7615 8.0463 -6.0481 7.9274
1301 -5.7615 8.0463 3 -5.8483 8.3283 -5.9260 7.9865 -5.7448 8.0458
1302 -5.6900 8.0367 2 -5.4911 8.0146 -5.7448 8.0458
1303 -5.7448 8.0458 3 -5.6650 8.4450 -5.7615 8.0463 -5.6900 8.0367
1304 -7.0171 6.9200 3 -5.9400 6.9200 -7.0525 6.8450 -6.9858 6.9950
1305 -6.5056 7.6964 3 -6.7150 8.2200 -6.5364 7.6736 -6.0808 7.9161
1306 -6.5364 7.6736 3 -6.6650 7.8450 -6.5056 7.6964 -6.5650 7.6450
1307 -6.0808 7.9161 3 -6.2150 8.0950 -6.5056 7.6964 -6.0481 7.9274
1308 -6.0481 7.9274 3 -5.9260 7.9865 -6.0808 7.9161 -5.9150 7.3950
1309 -6.5650 7.6450 3 -7.1650 8.2450 -6.5364 7.6736 -6.6129 7.5929
1310 -6.6129 7.5929 3 -7.2150 8.1950 -6.5650 7.6450 -6.7275 7.4575
1311 -6.7275 7.4575 3 -7.1650 7.8950 -6.6129 7.5929 -6.9450 7.0950
1312 -6.9450 7.0950 3 -7.2650 7.4950 -6.7275 7.4575 -6.9650 7.0450
1313 -7.1650 3.4950 2 -7.1650 3.4450 -7.1650 3.5450
1314 -7.1650 3.4450 2 -7.1650 3.4950 -7.1650 3.3950
1315 -7.1650 3.5450 2 -7.1650 3.5950 -7.1650 3.4950
1316 -7.1650 3.5950 2 -7.1650 3.5450 -7.1650 3.6450
1317 -7.1650 3.6950 2 -7.1650 3.7450 -7.1650 3.6450
1318 -7.1650 3.7450 2 -7.1650 3.6950 -7.1650 3.7950
1319 -8.5400 7.0700 2 -8.5400 7.1450 -8.5150 7.0450
1320 -8.3150 7.0950 2 -8.3650 7.1325 -8.0579 7.0093
1321 -8.0579 7.0093 3 -8.1150 7.0950 -8.3150 7.0950 -7.9550 6.9450
1322 -7.4594 6.6950 2 -7.3650 6.6450 -7.5483 6.7450
1323 -7.3650 6.6450 2 -7.4594 6.6950 -7.2650 6.5950
1324 -7.1900 6.1950 2 -7.1900 6.2450 -7.1900 6.1450
1325 -7.1900 6.2450 2 -7.1900 6.1950 -7.1900 6.2950
1326 -4.0400 6.4450 2 -4.0400 6.4950 -4.0400 6.3950
1327 -4.0400 6.4950 2 -4.0400 6.4450 -4.0400 6.5450
1328 -4.0400 6.6450 2 -4.0400 6.6950 -4.0400 6.5950
1329 -1.3150 9.3950 1 -1.2400 9.1700
1330 -1.2400 9.1700 3 -1.3150 9.3950 -1.2400 8.0780 -1.1650 9.3950
1331 2.7750 2.9450 2 2.7810 2.8950 2.7700 2.9950
1332 2.7850 2.8450 2 2.7850 2.8664 2.7850 2.7950
1333 5.7850 4.3450 2 5.7850 4.3950 5.7850 4.2950
1334 5.7850 4.3950 2 5.7850 4.3450 5.7850 4.4450
1335 5.7850 4.1950 2 5.7850 4.2450 5.7850 4.1450
1336 5.7850 4.2450 2 5.7850 4.1950 5.7850 4.2950
1337 2.7850 1.0450 2 2.7850 0.9950 2.7850 1.0950
1338 2.7850 0.9950 2 2.7850 1.0450 2.7850 0.9450
1339 2.7100 3.9450 2 2.7100 3.8950 2.7100 3.9950
1340 2.7100 3.8950 2 2.7100 3.9450 2.7100 3.8771
1341 2.7100 3.9950 2 2.7100 4.0450 2.7100 3.9450
1342 2.7100 4.0450 2 2.7100 3.9950 2.7100 4.0950
1343 2.7850 2.1950 2 2.7850 2.1450 2.7850 2.2450
1344 2.7850 2.1450 2 2.7850 2.1950 2.7850 2.0950
1345 0.9850 2.1950 1 0.8850 2.2450
1346 5.8350 1.5450 2 5.8350 1.5950 5.8350 1.4950
1347 5.8350 1.5950 2 5.8350 1.5450 5.8350 1.6450
1348 5.8350 2.0450 2 5.8350 2.0950 5.8350 1.9950
1349 5.8350 2.0950 2 5.8350 2.0450 5.8350 2.1450
1350 2.7850 1.9950 2 2.7850 2.0450 2.7850 1.9450
1351 2.7850 2.0450 2 2.7850 1.9950 2.7850 2.0950
1352 5.8350 1.8950 2 5.8350 1.8450 5.8350 1.9450
1353 2.8615 -1.9050 2 2.8497 -1.8550 2.9881 -2.4019
1354 2.9881 -2.4019 2 3.0069 -2.4831 2.8615 -1.9050
1355 2.8497 -1.8550 2 2.8615 -1.9050 2.8389 -1.8050
1356 2.8389 -1.8050 2 2.8497 -1.8550 2.8291 -1.7550
1357 2.8291 -1.7550 2 2.8389 -1.8050 2.8203 -1.7050
1358 4.2933 -4.1633 3 4.3100 -4.2800 4.5350 -4.4050 4.1350 -3.5300
1359 4.5350 -4.4550 3 4.4850 -4.4550 4.5350 -4.4050 4.7100 -4.6300
1360 4.5350 -4.4050 3 4.2933 -4.1633 4.5350 -4.4550 4.5850 -4.4050
1361 4.4850 -4.4550 3 4.3100 -4.2800 4.5350 -4.4550 4.4850 -4.5050
1362 4.3100 -4.2800 3 4.2933 -4.1633 4.4850 -4.4550 4.3350 -4.3550
1363 3.8850 -4.5050 2 3.8350 -4.4550 3.9350 -4.5050
1364 3.8350 -4.4550 2 3.8850 -4.5050 3.7850 -4.3550
1365 -3.9900 -1.2550 2 -3.9900 -1.3050 -3.9900 -1.2050
1366 -3.9900 -1.3050 2 -3.9900 -1.2550 -3.9900 -1.3550
1367 -3.9900 -1.4050 2 -3.9900 -1.3550 -3.9900 -1.4550
1368 -3.9900 -1.3550 2 -3.9900 -1.4050 -3.9900 -1.3050
1369 -3.9909 -1.6050 2 -3.9900 -1.5550 -3.9926 -1.6550
1370 -3.9900 -1.5550 2 -3.9909 -1.6050 -3.9900 -1.5050
1371 -3.9900 -1.4550 2 -3.9900 -1.5050 -3.9900 -1.4050
1372 -3.9900 -1.5050 2 -3.9900 -1.4550 -3.9900 -1.5550
1373 -3.9986 -1.7550 2 -4.0029 -1.8050 -3.9952 -1.7050
1374 -4.0081 -1.8550 2 -4.0029 -1.8050 -4.0088 -1.8605
1375 -4.0029 -1.8050 2 -4.0081 -1.8550 -3.9986 -1.7550
1376 2.7850 -1.3050 2 2.7850 -1.2550 2.7860 -1.3550
1377 2.7850 -1.1550 2 2.7850 -1.1050 2.7850 -1.2050
1378 2.7850 -1.1050 2 2.7850 -1.1550 2.7850 -1.0550
1379 2.7850 -1.0550 2 2.7850 -1.1050 2.7850 -1.0050
1380 2.7700 -0.1050 2 2.7750 -0.1550 2.7660 -0.0550
1381 2.7750 -0.1550 2 2.7700 -0.1050 2.7810 -0.2050
1382 2.7850 -0.3550 2 2.7850 -0.3050 2.7850 -0.4050
1383 -2.3150 -2.0050 1 -2.2900 -2.0550
1384 -2.2900 -2.0550 3 -2.3150 -2.0050 -2.2900 -2.9217 -2.2650 -2.0050
1385 -2.2900 -2.9217 3 -2.2900 -2.0550 -2.4150 -2.9008 -2.2647 -2.9287
1386 -2.4150 -2.9008 2 -2.2900 -2.9217 -2.4650 -2.8939
1387 -0.3650 -0.5550 2 -0.0150 -0.5050 -0.4900 -0.5706
1388 -0.4900 -1.2050 2 -0.4900 -1.1550 -0.4900 -1.2550
1389 -0.4900 -1.1550 2 -0.4900 -1.2050 -0.4900 -1.1050
1390 2.7350 5.7450 2 2.7350 5.6950 2.7345 5.7700
1391 2.7345 5.7700 3 2.7350 5.7450 1.4600 5.7700 2.7350 5.7950
1392 1.4600 5.7700 1 2.7345 5.7700
1393 2.7350 5.5450 2 2.7350 5.5950 2.7350 5.4950
1394 2.7350 5.5950 2 2.7350 5.5450 2.7350 5.6450
1395 1.7350 4.8450 2 1.9350 4.7950 1.5850 4.8950
1396 1.9350 4.7950 2 1.7350 4.8450 2.1850 4.7450
1397 2.7340 4.9450 2 2.7350 4.9950 2.7321 4.8950
1398 2.7350 4.9950 2 2.7350 5.0450 2.7340 4.9450
1399 2.7350 5.0950 2 2.7350 5.1450 2.7350 5.0450
1400 2.7350 5.0450 2 2.7350 5.0950 2.7350 4.9950
1401 2.7203 4.7450 2 2.7252 4.7950 2.7144 4.6950
1402 2.7252 4.7950 2 2.7203 4.7450 2.7291 4.8450
1403 2.7321 4.8950 2 2.7291 4.8450 2.7340 4.9450
1404 2.7291 4.8450 2 2.7321 4.8950 2.7252 4.7950
1405 1.5850 4.8950 2 1.4850 4.9450 1.7350 4.8450
1406 1.4850 4.9450 1 1.5850 4.8950
1407 2.7350 5.3450 2 2.7350 5.3950 2.7350 5.2950
1408 2.7350 5.1950 2 2.7350 5.1450 2.7350 5.2450
1409 4.8350 9.2450 3 4.8850 9.2450 4.5475 8.9575 4.8350 9.2950
1410 4.5850 9.0700 2 4.6100 9.1200 4.5504 8.9835
1411 4.6100 9.1200 3 4.6600 9.2700 4.5850 9.0700 4.7850 9.2950
1412 4.5504 8.9835 2 4.5850 9.0700 4.5475 8.9575
1413 4.5475 8.9575 3 4.5225 8.8325 4.8350 9.2450 4.5504 8.9835
1414 -7.0931 -1.0050 2 -7.0962 -1.0550 -7.0910 -0.9550
1415 -7.0962 -1.0550 3 -7.0931 -1.1050 -8.0150 -1.0550 -7.0931 -1.0050
1416 -7.0900 -0.9050 2 -7.0900 -0.8550 -7.0910 -0.9550
1417 -7.0900 -0.8550 2 -7.0900 -0.9050 -7.0900 -0.8050
1418 -7.0910 -0.5550 2 -7.0931 -0.5050 -7.0900 -0.6050
1419 -7.0900 -0.6050 2 -7.0910 -0.5550 -7.0900 -0.6550
1420 -7.0931 -0.5050 2 -7.0962 -0.4550 -7.0910 -0.5550
1421 -7.0962 -0.4550 2 -7.0931 -0.5050 -7.1004 -0.4050
1422 -7.1004 -0.4050 2 -7.0962 -0.4550 -7.1056 -0.3550
1423 -6.4150 0.0950 2 -6.2150 0.1450 -6.6650 0.0450
1424 -6.6650 0.0450 2 -6.9650 -0.0050 -6.4150 0.0950
1425 -3.9150 1.8950 2 -3.5650 1.8450 -3.9650 1.9013
1426 -3.9650 2.2950 2 -3.9650 2.3450 -3.9650 2.2450
1427 -0.5352 2.2950 2 -0.5335 2.3200 -0.5376 2.2450
1428 -7.1431 2.0950 2 -7.1410 2.0450 -7.1463 2.1450
1429 -7.1410 2.0450 2 -7.1431 2.0950 -7.1400 1.9950
1430 -7.1463 2.1450 2 -7.1504 2.1950 -7.1431 2.0950
1431 -7.1504 2.1950 2 -7.1556 2.2450 -7.1463 2.1450
1432 -7.1619 2.2950 2 -7.1650 2.3164 -7.1556 2.2450
1433 -7.1556 2.2450 2 -7.1619 2.2950 -7.1504 2.1950
1434 -7.1400 1.7450 2 -7.1400 1.7950 -7.1400 1.6950
1435 -7.1400 1.7950 2 -7.1400 1.7450 -7.1400 1.8450
1436 -7.1400 1.8950 2 -7.1400 1.8450 -7.1400 1.9450
1437 -7.1400 1.8450 2 -7.1400 1.8950 -7.1400 1.7950
1438 -7.1650 2.5450 2 -7.1650 2.4950 -7.1650 2.5950
1439 -7.1650 2.4950 2 -7.1650 2.5450 -7.1650 2.4450
1440 -7.1650 2.3450 2 -7.1650 2.3164 -7.1650 2.3950
1441 -7.1650 2.5950 2 -7.1650 2.6450 -7.1650 2.5450
1442 -7.1650 2.6450 2 -7.1650 2.5950 -7.1650 2.6950
1443 -0.5400 2.6950 2 -0.5400 2.6450 -0.5400 2.7450
1444 2.7850 2.5450 2 2.7850 2.4950 2.7850 2.5950
1445 2.7850 2.4950 2 2.7850 2.5450 2.7850 2.4450
1446 -7.1900 6.0450 2 -7.1900 6.0950 -7.1900 5.9950
1447 -7.1900 6.0950 2 -7.1900 6.1450 -7.1900 6.0450
1448 -4.0400 5.3450 2 -4.0391 5.2950 -4.0400 5.3950
1449 -4.0400 5.3950 2 -4.0400 5.3450 -4.0400 5.4450
1450 -0.5650 4.4450 2 -0.5650 4.4950 -0.5650 4.3950
1451 -0.5650 4.2950 2 -0.5650 4.2450 -0.5650 4.3450
1452 -0.5650 4.4950 2 -0.5650 4.5450 -0.5650 4.4450
1453 -0.5650 4.5450 2 -0.5650 4.4950 -0.5650 4.5950
1454 -0.5650 4.6950 2 -0.5650 4.7450 -0.5650 4.6450
1455 1.5350 3.3950 1 1.6350 3.4450
1456 1.6350 3.4450 2 1.5350 3.3950 1.7850 3.4950
1457 -0.5650 4.2450 2 -0.5650 4.1950 -0.5650 4.2950
1458 -0.5650 4.1950 2 -0.5650 4.2450 -0.5650 4.1450
1459 2.7540 3.4950 2 2.7500 3.5450 2.7630 3.3450
1460 2.7500 3.5450 2 2.7540 3.4950 2.7450 3.5950
1461 2.7203 3.7950 2 2.7144 3.8450 2.7252 3.7450
1462 2.7144 3.8450 2 2.7203 3.7950 2.7100 3.8771
1463 2.7090 6.9450 2 2.7070 6.9950 2.7110 6.8450
1464 2.7070 6.9950 2 2.7090 6.9450 2.7040 7.0450
1465 2.7600 7.7360 3 2.9850 7.8514 2.6442 7.6529 2.7600 9.5950
1466 2.6442 7.6529 3 2.7600 7.7360 2.7000 7.0950 2.5350 7.7075
1467 2.7000 7.0950 2 2.6442 7.6529 2.7040 7.0450
1468 2.9850 7.8514 3 2.7600 7.7360 3.3483 8.0284 2.9850 9.5950
1469 3.3483 8.0284 3 2.9850 7.8514 3.6157 8.1220 3.2350 8.5950
1470 3.6157 8.1220 3 3.3483 8.0284 3.7821 8.1626 3.4350 8.8450
1471 3.7821 8.1626 3 3.6157 8.1220 4.0100 8.1843 3.7350 8.4450
1472 4.0100 8.1843 2 3.7821 8.1626 4.0850 8.1950
1473 2.7350 6.3450 2 2.7350 6.3950 2.7350 6.2950
1474 2.7350 6.3950 2 2.7350 6.3450 2.7350 6.4450
1475 2.7350 6.4950 2 2.7345 6.4700 2.7350 6.5450
1476 2.7345 6.4700 3 2.7350 6.4950 2.7350 6.4450 1.4600 6.4700
1477 2.7350 6.4450 2 2.7345 6.4700 2.7350 6.3950
1478 5.3850 9.0450 3 5.5600 9.2200 5.3850 8.9950 5.3350 9.0450
1479 5.3850 8.9950 3 5.4350 8.9950 5.3850 9.0450 4.9650 8.5750
1480 5.3350 9.0450 3 5.3350 9.0950 5.3850 9.0450 5.0350 8.7450
1481 5.0350 8.7450 3 5.0850 8.8700 5.3350 9.0450 5.0100 8.6950
1482 4.9350 9.1950 3 5.0100 9.2700 4.9350 8.5075 4.8850 9.1950
1483 5.0100 9.2700 3 4.9350 9.1950 5.0100 8.6950 5.0600 9.4200
1484 5.0100 8.6950 3 5.0100 9.2700 4.9650 8.5750 5.0350 8.7450
1485 4.9350 8.5075 3 4.9350 9.1950 4.9650 8.5750 4.7634 8.0786
1486 4.9650 8.5750 3 5.0100 8.6950 4.9350 8.5075 5.3850 8.9950
1487 4.2350 7.3950 2 4.2850 7.5950 4.1850 7.2450
1488 6.1850 8.5450 3 6.1850 8.5950 5.9850 8.3450 6.2850 8.5450
1489 5.9850 8.3450 3 5.8913 8.2825 6.1850 8.5450 6.1850 8.4450
1490 6.4183 7.1783 3 5.8225 6.9950 6.5517 7.2117 6.8850 7.6450
1491 5.7558 6.9916 3 5.7543 6.9950 5.7600 6.9771 5.8850 7.0950
1492 5.7600 6.9771 3 5.7600 6.9450 5.7558 6.9916 5.8225 6.9950
1493 5.8225 6.9950 2 5.7600 6.9771 6.4183 7.1783
1494 5.7600 6.9450 2 5.7600 6.9771 5.7600 6.8950
1495 7.0600 7.3200 3 7.1350 7.2950 7.1350 7.3950 6.9600 7.3200
1496 7.1350 7.3950 3 7.1850 7.3950 7.0600 7.3200 7.1350 7.4450
1497 7.2850 7.3450 1 7.1850 7.2950
1498 7.2100 7.2450 2 7.1850 7.2950 7.2100 7.1950
1499 7.1850 7.2950 4 7.2850 7.3450 7.2100 7.2450 7.1850 7.3950 7.1350 7.2950
1500 7.1350 7.1200 2 7.0100 7.1200 7.1850 7.1450
1501 7.0100 7.1200 2 7.1350 7.1200 6.7850 7.1950
1502 7.0350 6.8450 1 6.9350 6.7950
1503 7.4350 7.1950 1 7.5350 7.2450
1504 7.4850 7.1450 1 7.5350 7.2450
1505 7.5350 7.2450 2 7.4350 7.1950 7.4850 7.1450
1506 5.7850 5.3950 2 5.7850 5.3450 5.7850 5.4450
1507 5.7850 5.3450 2 5.7850 5.3950 5.7850 5.2950
1508 -7.1650 3.9450 2 -7.1650 3.9950 -7.1650 3.8950
1509 -7.1650 3.8950 2 -7.1650 3.8450 -7.1650 3.9450
1510 -7.1650 3.8450 2 -7.1650 3.8950 -7.1650 3.7950
1511 -7.1650 4.2950 2 -7.1650 4.2450 -7.1655 4.3200
1512 -7.1650 4.2450 2 -7.1650 4.1950 -7.1650 4.2950
1513 -7.1650 4.1950 2 -7.1650 4.2450 -7.1650 4.1450
1514 -4.0400 4.6950 2 -4.0400 4.7450 -4.0400 4.6450
1515 -7.1650 4.3450 2 -7.1655 4.3200 -7.1650 4.3950
1516 -7.1681 4.8950 2 -7.1660 4.9450 -7.1711 4.8450
1517 -7.1660 4.9450 2 -7.1681 4.8950 -7.1650 4.9950
1518 -4.0374 5.1450 2 -4.0391 5.0950 -4.0348 5.1950
1519 -2.7150 5.1450 2 -2.8650 5.1950 -2.6150 5.0950
1520 -4.0391 5.0950 2 -4.0374 5.1450 -4.0400 5.0450
1521 -2.6150 5.0950 1 -2.7150 5.1450
1522 -4.0400 5.0450 2 -4.0391 5.0950 -4.0400 4.9950
1523 -2.8650 5.1950 3 -2.7150 5.1450 -2.7150 5.2450 -4.0348 5.1950
1524 -4.0374 5.2450 2 -4.0348 5.1950 -4.0391 5.2950
1525 -4.0348 5.1950 3 -4.0374 5.2450 -4.0374 5.1450 -2.8650 5.1950
1526 -5.5900 7.0450 2 -5.5900 6.9950 -5.5900 7.0950
1527 -5.5900 6.9950 2 -5.5900 7.0450 -5.5900 6.9700
1528 -5.9400 6.9200 2 -7.0171 6.9200 -5.8817 6.9783
1529 -7.0525 6.8450 2 -7.0171 6.9200 -7.0775 6.7950
1530 -7.1650 3.2450 2 -7.1650 3.2950 -7.1650 3.1950
1531 -7.1650 3.2950 2 -7.1650 3.2450 -7.1650 3.3450
1532 -8.3900 4.3200 1 -7.1655 4.3200
1533 -7.7650 6.8450 2 -7.6550 6.7950 -7.8650 6.8950
1534 -8.5150 7.0450 1 -8.5400 7.0700
1535 -4.0400 6.5450 2 -4.0400 6.5950 -4.0400 6.4950
1536 -4.0400 6.5950 2 -4.0400 6.5450 -4.0400 6.6450
1537 2.7660 3.0450 2 2.7700 2.9950 2.7630 3.0950
1538 2.7700 2.9950 2 2.7750 2.9450 2.7660 3.0450
1539 2.7600 3.2450 2 2.7600 3.1950 2.7610 3.2950
1540 2.7600 3.1950 2 2.7600 3.2450 2.7610 3.1450
1541 2.7630 3.0950 2 2.7660 3.0450 2.7610 3.1450
1542 2.7610 3.1450 2 2.7600 3.1950 2.7630 3.0950
1543 -0.5478 2.9950 2 -0.5527 3.0450 -0.5420 2.9450
1544 -0.5420 2.9450 2 -0.5478 2.9950 -0.5400 2.9294
1545 -0.5527 3.0450 2 -0.5478 2.9950 -0.5568 3.0950
1546 -0.5568 3.0950 2 -0.5527 3.0450 -0.5601 3.1450
1547 -0.5601 3.1450 2 -0.5568 3.0950 -0.5625 3.1950
1548 -0.5625 3.1950 2 -0.5601 3.1450 -0.5642 3.2450
1549 -0.5642 3.2450 2 -0.5625 3.1950 -0.5650 3.2950
1550 -0.5650 3.2950 2 -0.5642 3.2450 -0.5650 3.3450
1551 2.7850 2.7950 2 2.7850 2.8450 2.7850 2.7450
1552 2.7850 0.9450 2 2.7850 0.8950 2.7850 0.9950
1553 2.7850 0.8950 2 2.7850 0.9450 2.7850 0.8450
1554 -0.5650 3.8450 2 -0.5650 3.7950 -0.5650 3.8950
1555 1.7350 3.6950 2 1.9350 3.7450 1.5850 3.6450
1556 1.9350 3.7450 2 1.7350 3.6950 2.1850 3.7950
1557 2.4850 3.8450 2 2.1850 3.7950 2.7100 3.8771
1558 2.1850 3.7950 2 2.4850 3.8450 1.9350 3.7450
1559 -0.5650 4.0450 2 -0.5650 3.9950 -0.5650 4.0950
1560 -0.5650 3.9950 2 -0.5650 4.0450 -0.5650 3.9450
1561 2.7100 4.0950 2 2.7100 4.1450 2.7100 4.0450
1562 2.7100 4.1450 2 2.7100 4.0950 2.7100 4.1950
1563 2.7850 1.7450 2 2.7850 1.7950 2.7850 1.6950
1564 2.7850 1.7950 2 2.7850 1.7450 2.7850 1.8450
1565 2.7850 1.8950 2 2.7850 1.8450 2.7850 1.9450
1566 2.7850 1.8450 2 2.7850 1.8950 2.7850 1.7950
1567 0.8850 2.2450 2 0.9850 2.1950 0.7350 2.2950
1568 5.8350 1.9950 2 5.8350 1.9450 5.8350 2.0450
1569 5.8350 1.9450 2 5.8350 1.9950 5.8350 1.8950
1570 1.6350 1.3950 2 1.5350 1.4450 1.7850 1.3450
1571 1.5350 1.4450 1 1.6350 1.3950
1572 2.7850 1.5450 2 2.7850 1.5950 2.7850 1.4950
1573 2.7850 1.5950 2 2.7850 1.5450 2.7850 1.6450
1574 4.3350 -4.3550 2 4.3100 -4.2800 4.3850 -4.4550
1575 -3.9900 -1.1050 2 -3.9900 -1.1550 -3.9900 -1.0550
1576 -3.9900 -1.1550 2 -3.9900 -1.1050 -3.9900 -1.2050
1577 -3.9900 -1.0050 2 -3.9900 -1.0550 -3.9900 -0.9550
1578 -3.9900 -1.0550 2 -3.9900 -1.0050 -3.9900 -1.1050
1579 -3.9900 -0.5050 2 -3.9900 -0.5550 -3.9900 -0.4550
1580 -3.9900 -0.6550 2 -3.9900 -0.6050 -3.9900 -0.7050
1581 -0.4900 -1.4550 2 -0.4900 -1.4050 -0.4900 -1.5050
1582 -3.9926 -1.6550 2 -3.9952 -1.7050 -3.9909 -1.6050
1583 -3.9952 -1.7050 2 -3.9926 -1.6550 -3.9986 -1.7550
1584 -0.4900 -1.4050 2 -0.4900 -1.3550 -0.4900 -1.4550
1585 -0.4900 -1.3550 2 -0.4900 -1.4050 -0.4900 -1.3050
1586 2.7850 -1.2050 2 2.7850 -1.2550 2.7850 -1.1550
1587 2.7850 -1.2550 2 2.7850 -1.2050 2.7850 -1.3050
1588 2.7850 -1.0050 2 2.7850 -1.0550 2.7850 -0.9550
1589 2.7850 -0.3050 2 2.7850 -0.2550 2.7850 -0.3550
1590 2.7850 -0.2550 2 2.7850 -0.3050 2.7850 -0.2336
1591 -0.4900 -1.7050 2 -0.4900 -1.6550 -0.4900 -1.7550
1592 -0.4900 -1.6550 2 -0.4900 -1.7050 -0.4900 -1.6050
1593 0.5350 -0.4050 2 0.7350 -0.3550 0.2850 -0.4550
1594 0.7350 -0.3550 2 0.8850 -0.3050 0.5350 -0.4050
1595 0.9850 -0.2550 1 0.8850 -0.3050
1596 0.8850 -0.3050 2 0.9850 -0.2550 0.7350 -0.3550
1597 0.2850 -0.4550 2 -0.0150 -0.5050 0.5350 -0.4050
1598 -0.0150 -0.5050 2 0.2850 -0.4550 -0.3650 -0.5550
1599 2.7350 5.6950 2 2.7350 5.6450 2.7350 5.7450
1600 2.7350 5.6450 2 2.7350 5.6950 2.7350 5.5950
1601 2.7350 5.7950 2 2.7345 5.7700 2.7350 5.8450
1602 2.7350 5.8950 2 2.7350 5.8450 2.7350 5.9450
1603 2.7350 5.8450 2 2.7350 5.8950 2.7350 5.7950
1604 2.7350 6.2950 2 2.7350 6.3450 2.7345 6.2700
1605 1.4600 6.2700 1 2.7345 6.2700
1606 2.7345 6.2700 3 2.7350 6.2950 1.4600 6.2700 2.7350 6.2450
1607 2.7350 6.2450 2 2.7345 6.2700 2.7350 6.1950
1608 5.7850 5.0450 2 5.7850 5.0950 5.7850 4.9950
1609 2.7350 5.4450 2 2.7350 5.3950 2.7350 5.4950
1610 2.7350 5.3950 2 2.7350 5.4450 2.7350 5.3450
1611 2.7350 5.2950 2 2.7350 5.2450 2.7350 5.3450
1612 2.7350 5.2450 2 2.7350 5.2950 2.7350 5.1950
1613 4.7850 9.3450 2 4.7850 9.2950 4.7350 9.3450
1614 4.8350 9.2950 3 4.7850 9.2950 5.1350 9.5950 4.8350 9.2450
1615 4.7850 9.2950 3 4.7850 9.3450 4.8350 9.2950 4.6100 9.1200
1616 5.1600 9.6450 2 5.1350 9.5950 5.1600 9.0700
1617 5.1350 9.5950 3 4.8350 9.2950 5.1600 9.6450 5.0850 9.4700
1618 -3.9900 -0.8550 2 -3.9900 -0.8050 -3.9900 -0.9050
1619 -7.0900 -0.7550 2 -7.0900 -0.8050 -7.0900 -0.7050
1620 -7.1119 -0.3050 2 -7.1150 -0.2836 -7.1056 -0.3550
1621 -7.1056 -0.3550 2 -7.1004 -0.4050 -7.1119 -0.3050
1622 -3.2650 1.7950 2 -3.0150 1.7450 -3.5650 1.8450
1623 -3.5650 1.8450 2 -3.9150 1.8950 -3.2650 1.7950
1624 -5.9650 0.4950 1 -6.0650 0.4450
1625 -6.0650 0.4450 3 -5.9650 0.3950 -7.1369 0.4450 -5.9650 0.4950
1626 -7.1400 0.7950 2 -7.1390 0.8450 -7.1400 0.7450
1627 -7.1390 0.8450 2 -7.1400 0.7950 -7.1379 0.8700
1628 -3.9650 2.4950 2 -3.9650 2.5450 -3.9650 2.4450
1629 -3.9650 2.4450 2 -3.9650 2.3950 -3.9650 2.4950
1630 -3.9650 2.3450 2 -3.9650 2.3950 -3.9650 2.2950
1631 -3.9650 2.3950 2 -3.9650 2.3450 -3.9650 2.4450
1632 -0.5400 2.1450 2 -0.5400 2.0950 -0.5392 2.1950
1633 -0.5392 2.0450 2 -0.5400 2.0950 -0.5376 1.9950
1634 -0.5400 2.0950 2 -0.5392 2.0450 -0.5400 2.1450
1635 -7.1400 1.5450 2 -7.1400 1.5950 -7.1400 1.4950
1636 -7.1400 1.5950 2 -7.1400 1.5450 -7.1400 1.6450
1637 -7.1400 1.9950 2 -7.1410 2.0450 -7.1400 1.9450
1638 -7.1400 1.9450 2 -7.1400 1.9950 -7.1400 1.8950
1639 -3.9771 1.7950 2 -3.9719 1.8450 -3.9814 1.7450
1640 -3.9719 1.8450 2 -3.9771 1.7950 -3.9659 1.8950
1641 -7.1400 1.6450 2 -7.1400 1.6950 -7.1400 1.5950
1642 -7.1400 1.6950 2 -7.1400 1.6450 -7.1400 1.7450
1643 -7.1650 2.4450 2 -7.1650 2.3950 -7.1650 2.4950
1644 -7.1650 2.3950 2 -7.1650 2.4450 -7.1650 2.3450
1645 -4.0400 6.0450 2 -4.0400 5.9950 -4.0400 6.0950
1646 -4.0400 5.9950 2 -4.0400 6.0450 -4.0400 5.9450
1647 -4.0400 5.7450 2 -4.0391 5.6950 -4.0400 5.7950
1648 -7.1900 5.8450 2 -7.1900 5.7950 -7.1900 5.8950
1649 -7.1803 5.3950 2 -7.1752 5.3450 -7.1864 5.4450
1650 -4.0391 5.5950 2 -4.0374 5.6450 -4.0400 5.5450
1651 -4.0400 5.5450 2 -4.0400 5.4950 -4.0391 5.5950
1652 -0.5650 4.3950 2 -0.5650 4.3450 -0.5650 4.4450
1653 -0.5650 4.3450 2 -0.5650 4.3950 -0.5650 4.2950
1654 -0.5650 4.5950 2 -0.5650 4.6450 -0.5650 4.5450
1655 -0.5650 4.6450 2 -0.5650 4.5950 -0.5650 4.6950
1656 -2.2650 8.2200 2 -2.2150 8.2200 -2.3150 8.2200
1657 -3.0597 8.1422 3 -3.1400 8.9450 -2.9150 8.1777 -3.1645 8.0942
1658 -3.1645 8.0942 3 -3.4900 7.9705 -3.0597 8.1422 -2.5650 7.1950
1659 -2.9150 8.1777 2 -3.0597 8.1422 -2.8150 8.2001
1660 -2.8150 8.2001 2 -2.9150 8.1777 -2.7150 8.2164
1661 -2.7150 8.2164 2 -2.8150 8.2001 -2.6423 8.2268
1662 -2.3150 8.2200 2 -2.2650 8.2200 -2.6423 8.2268
1663 -2.6423 8.2268 3 -2.6400 8.2450 -2.7150 8.2164 -2.3150 8.2200
1664 3.8350 6.7950 2 3.9350 6.8450 3.6850 6.7450
1665 3.6850 6.7450 2 3.8350 6.7950 3.4850 6.6950
1666 2.9350 6.5950 2 2.7350 6.5664 3.2350 6.6450
1667 4.1350 7.1450 1 4.1850 7.2450
1668 4.1850 7.2450 2 4.1350 7.1450 4.2350 7.3950
1669 6.2850 8.5450 3 6.1850 8.4450 6.4850 8.6450 6.1850 8.5450
1670 6.4850 8.6450 3 6.2850 8.5450 6.2850 8.4450 6.7850 8.8450
1671 6.1850 8.4450 3 6.2850 8.5450 6.2850 8.4450 5.9850 8.3450
1672 6.2850 8.4450 3 6.4850 8.6450 6.1850 8.4450 6.2850 8.3950
1673 6.1850 8.0950 3 6.3850 8.2950 6.3850 8.1950 5.8850 7.8950
1674 6.3850 8.2950 3 6.1850 8.0950 6.4850 8.2950 6.3850 8.3450
1675 6.2850 8.3950 3 6.2850 8.4450 5.4850 7.5950 6.3350 8.3950
1676 5.4850 7.5950 3 5.4679 7.5813 6.2850 8.3950 5.8850 7.8950
1677 5.8850 7.8950 3 6.3350 8.3450 6.1850 8.0950 5.4850 7.5950
1678 7.3850 8.8950 2 6.9850 8.5950 6.5850 8.0950
1679 6.9850 8.5950 3 6.6850 8.3950 7.3850 8.8950 6.5350 8.1450
1680 6.5850 8.0950 3 7.3850 8.8950 6.5350 8.0950 6.5850 8.0450
1681 7.0350 7.5450 2 6.9850 7.5450 7.0350 7.4950
1682 6.5850 8.0450 3 6.3850 7.8450 6.5850 8.0950 6.6850 8.0450
1683 6.3850 7.8450 3 6.5850 8.0450 6.0850 7.6450 6.5850 7.9450
1684 6.8350 7.2950 3 7.0350 7.4950 6.6850 7.2450 6.9600 7.3200
1685 6.9600 7.3200 3 6.8350 7.2950 7.0600 7.3200 7.0850 7.4450
1686 7.0350 7.4950 3 6.8350 7.2950 7.0350 7.5450 7.0850 7.4950
1687 -4.0400 4.5950 2 -4.0400 4.6450 -4.0400 4.5450
1688 -4.0400 4.6450 2 -4.0400 4.5950 -4.0400 4.6950
1689 -4.0400 4.3450 2 -4.0400 4.3950 -4.0400 4.2950
1690 -4.0400 4.3950 2 -4.0400 4.3450 -4.0400 4.4450
1691 -4.0400 4.4950 2 -4.0400 4.4450 -4.0400 4.5450
1692 -4.0400 4.4450 2 -4.0400 4.4950 -4.0400 4.3950
1693 -7.1650 4.3950 2 -7.1650 4.3450 -7.1650 4.4450
1694 -4.0400 4.9450 2 -4.0400 4.9950 -4.0400 4.8950
1695 -4.0400 4.9950 2 -4.0400 4.9450 -4.0400 5.0450
1696 -7.1039 6.7450 2 -7.0775 6.7950 -7.1289 6.6999
1697 -7.0775 6.7950 2 -7.1039 6.7450 -7.0525 6.8450
1698 -5.9150 7.3950 3 -5.8650 7.2450 -6.0481 7.9274 -5.9150 7.0450
1699 -5.8650 7.2450 2 -5.9150 7.3950 -5.7900 7.0950
1700 -7.1650 3.3950 2 -7.1650 3.3450 -7.1650 3.4450
1701 -7.1650 3.3450 2 -7.1650 3.3950 -7.1650 3.2950
1702 -8.1150 4.6950 2 -8.2650 4.6450 -7.9150 4.7450
1703 -8.1150 4.8450 2 -8.2650 4.8950 -7.9150 4.7950
1704 -7.9550 6.9450 2 -7.8650 6.8950 -8.0579 7.0093
1705 -7.8650 6.8950 2 -7.9550 6.9450 -7.7650 6.8450
1706 0.2350 3.0450 2 0.4850 3.0950 -0.0650 2.9950
1707 0.4850 3.0950 2 0.2350 3.0450 0.6850 3.1450
1708 -0.5650 3.3950 2 -0.5650 3.3450 -0.5650 3.4450
1709 -0.5650 3.3450 2 -0.5650 3.3950 -0.5650 3.2950
1710 2.7850 2.7450 2 2.7850 2.7950 2.7850 2.6950
1711 2.7850 0.8450 2 2.7850 0.7950 2.7850 0.8950
1712 2.7850 0.7950 2 2.7850 0.8450 2.7850 0.7450
1713 -0.5650 3.9450 2 -0.5650 3.8950 -0.5650 3.9950
1714 -0.5650 3.8950 2 -0.5650 3.9450 -0.5650 3.8450
1715 1.5850 3.6450 2 1.4850 3.5950 1.7350 3.6950
1716 1.4850 3.5950 1 1.5850 3.6450
1717 -0.5650 3.5450 2 -0.5650 3.4950 -0.5650 3.5950
1718 -0.5650 3.4950 2 -0.5650 3.5450 -0.5650 3.4450
1719 -0.5650 4.0950 2 -0.5650 4.1450 -0.5650 4.0450
1720 -0.5650 4.1450 2 -0.5650 4.0950 -0.5650 4.1950
1721 2.7100 4.1950 2 2.7100 4.2450 2.7100 4.1450
1722 2.7100 4.2450 2 2.7100 4.1950 2.7100 4.2950
1723 2.7850 1.6950 2 2.7850 1.6450 2.7850 1.7450
1724 2.7850 1.6450 2 2.7850 1.6950 2.7850 1.5950
1725 0.7350 1.9450 2 0.8850 1.9950 0.5350 1.8950
1726 0.8850 1.9950 2 0.7350 1.9450 0.9850 2.0450
1727 0.9850 2.0450 1 0.8850 1.9950
1728 1.7850 1.3450 3 2.7791 1.3450 1.6350 1.3950 1.6350 1.2950
1729 -2.5650 1.5950 1 -2.6650 1.6450
1730 -2.6650 1.6450 2 -2.5650 1.5950 -2.8150 1.6950
1731 -3.0150 1.7450 2 -2.8150 1.6950 -3.2650 1.7950
1732 -2.8150 1.6950 2 -3.0150 1.7450 -2.6650 1.6450
1733 4.4350 -4.5050 2 4.3850 -4.4550 4.4850 -4.5050
1734 4.3850 -4.4550 2 4.4350 -4.5050 4.3350 -4.3550
1735 -3.9900 -0.6050 2 -3.9900 -0.5550 -3.9900 -0.6550
1736 -3.9900 -0.5550 2 -3.9900 -0.6050 -3.9900 -0.5050
1737 -3.9900 -0.8050 2 -3.9900 -0.8550 -3.9900 -0.7550
1738 -0.4900 -1.0050 2 -0.4900 -1.0550 -0.4900 -0.9550
1739 -0.4900 -1.1050 2 -0.4900 -1.0550 -0.4900 -1.1550
1740 -0.4900 -1.0550 2 -0.4900 -1.1050 -0.4900 -1.0050
1741 -0.4900 -0.8550 2 -0.4900 -0.9050 -0.4900 -0.8050
1742 -3.9900 -0.4550 2 -3.9900 -0.5050 -3.9900 -0.4050
1743 -0.5175 -0.0550 2 -0.5199 -0.0050 -0.5158 -0.1050
1744 -0.5158 -0.1050 2 -0.5175 -0.0550 -0.5150 -0.1550
1745 -0.5199 -0.0050 2 -0.5175 -0.0550 -0.5232 0.0450
1746 -0.5150 -0.1550 2 -0.5158 -0.1050 -0.5150 -0.2050
1747 -0.5232 0.0450 2 -0.5199 -0.0050 -0.5273 0.0950
1748 -0.5273 0.0950 2 -0.5232 0.0450 -0.5322 0.1450
1749 -0.5322 0.1450 2 -0.5273 0.0950 -0.5380 0.1950
1750 -1.3150 0.0950 2 -1.5650 0.0450 -1.0150 0.1450
1751 -0.5380 0.1950 2 -0.5400 0.2106 -0.5322 0.1450
1752 -1.5650 0.0450 2 -1.3150 0.0950 -1.7650 -0.0050
1753 -1.7650 -0.0050 2 -1.5650 0.0450 -1.9150 -0.0550
1754 -0.4900 -1.5550 2 -0.4900 -1.5050 -0.4900 -1.6050
1755 -0.4900 -1.5050 2 -0.4900 -1.5550 -0.4900 -1.4550
1756 -0.4900 -1.2550 2 -0.4900 -1.3050 -0.4900 -1.2050
1757 -0.4900 -1.3050 2 -0.4900 -1.2550 -0.4900 -1.3550
1758 2.7997 -1.5550 2 2.8056 -1.6050 2.7948 -1.5050
1759 2.8056 -1.6050 2 2.7997 -1.5550 2.8125 -1.6550
1760 2.8203 -1.7050 2 2.8125 -1.6550 2.8291 -1.7550
1761 2.8125 -1.6550 2 2.8203 -1.7050 2.8056 -1.6050
1762 2.7948 -1.5050 2 2.7909 -1.4550 2.7997 -1.5550
1763 2.7909 -1.4550 2 2.7948 -1.5050 2.7879 -1.4050
1764 2.7860 -1.3550 2 2.7879 -1.4050 2.7850 -1.3050
1765 2.7879 -1.4050 2 2.7860 -1.3550 2.7909 -1.4550
1766 -0.4900 -0.9050 2 -0.4900 -0.9550 -0.4900 -0.8550
1767 -0.4900 -0.9550 2 -0.4900 -0.9050 -0.4900 -1.0050
1768 5.7850 5.8450 2 5.7850 5.7950 5.7850 5.8950
1769 2.7350 6.0450 2 2.7350 5.9950 2.7350 6.0950
1770 2.7350 5.9450 2 2.7350 5.9950 2.7350 5.8950
1771 2.7350 5.9950 2 2.7350 5.9450 2.7350 6.0450
1772 2.7350 6.1950 2 2.7350 6.2450 2.7350 6.1450
1773 2.7350 6.0950 2 2.7350 6.1450 2.7350 6.0450
1774 2.7350 6.1450 2 2.7350 6.0950 2.7350 6.1950
1775 5.7850 6.1450 2 5.7850 6.1950 5.7850 6.0950
1776 5.7850 6.3450 2 5.7850 6.2950 5.7850 6.3950
1777 5.7850 6.2950 2 5.7850 6.3450 5.7850 6.2450
1778 5.7850 6.1950 2 5.7850 6.2450 5.7850 6.1450
1779 5.7850 6.2450 2 5.7850 6.1950 5.7850 6.2950
1780 5.7850 5.6450 2 5.7850 5.6950 5.7850 5.5950
1781 5.7850 5.6950 2 5.7850 5.6450 5.7850 5.7450
1782 5.7850 5.7950 2 5.7850 5.7450 5.7850 5.8450
1783 5.7850 5.7450 2 5.7850 5.7950 5.7850 5.6950
1784 5.7850 4.9450 2 5.7850 4.9950 5.7850 4.8950
1785 5.7850 4.9950 2 5.7850 4.9450 5.7850 5.0450
1786 -3.9900 -0.9550 2 -3.9900 -0.9050 -3.9900 -1.0050
1787 -3.9900 -0.9050 2 -3.9900 -0.9550 -3.9900 -0.8550
1788 -7.0900 -0.6550 2 -7.0900 -0.7050 -7.0900 -0.6050
1789 -7.0900 -0.7050 2 -7.0900 -0.6550 -7.0900 -0.7550
1790 -0.5376 1.9950 2 -0.5352 1.9450 -0.5392 2.0450
1791 -0.5352 1.9450 2 -0.5376 1.9950 -0.5319 1.8950
1792 -3.9900 0.7950 2 -3.9900 0.8450 -3.9900 0.7450
1793 -0.5400 2.6450 2 -0.5400 2.5950 -0.5400 2.6950
1794 -0.5400 2.5950 2 -0.5400 2.6450 -0.5400 2.5450
1795 -0.5400 0.4950 2 -0.5400 0.5450 -0.5400 0.4450
1796 -0.5400 0.7450 2 -0.5400 0.7950 -0.5400 0.6950
1797 -0.5400 0.4450 2 -0.5400 0.4950 -0.5400 0.3950
1798 -0.5400 1.3450 2 -0.5400 1.2950 -0.5400 1.3950
1799 -0.5400 1.2950 2 -0.5400 1.3450 -0.5400 1.2450
1800 -4.0400 5.8450 2 -4.0400 5.7950 -4.0400 5.8950
1801 -4.0400 5.7950 2 -4.0400 5.8450 -4.0400 5.7450
1802 -7.1900 5.7950 2 -7.1900 5.8450 -7.1900 5.7450
1803 -4.0400 5.8950 2 -4.0400 5.9450 -4.0400 5.8450
1804 -4.0400 5.9450 2 -4.0400 5.8950 -4.0400 5.9950
1805 -7.1900 5.8950 2 -7.1900 5.8450 -7.1900 5.9450
1806 -4.0400 5.4950 2 -4.0400 5.4450 -4.0400 5.5450
1807 -4.0400 5.4450 2 -4.0400 5.4950 -4.0400 5.3950
1808 -7.1900 5.5450 2 -7.1900 5.4950 -7.1900 5.5950
1809 2.7100 4.3950 2 2.7100 4.4450 2.7100 4.3450
1810 -2.4650 6.9950 1 -2.5650 7.1950
1811 -2.5650 7.1950 3 -2.4650 6.9950 -2.3650 6.9950 -3.1645 8.0942
1812 -2.3650 6.9950 1 -2.5650 7.1950
1813 3.4850 6.6950 2 3.6850 6.7450 3.2350 6.6450
1814 3.2350 6.6450 2 2.9350 6.5950 3.4850 6.6950
1815 6.6850 8.3950 3 6.4850 8.1950 6.4850 8.2950 6.9850 8.5950
1816 6.4850 8.2950 3 6.6850 8.3950 6.3850 8.1950 6.3850 8.2950
1817 6.4850 8.1950 3 6.6850 8.3950 6.3850 8.1950 6.4850 8.1450
1818 6.3850 8.1950 3 6.4850 8.2950 6.4850 8.1950 6.1850 8.0950
1819 6.3850 8.3450 3 6.3350 8.3450 7.1850 9.1450 6.3850 8.2950
1820 6.3350 8.3450 3 6.3850 8.3450 6.3350 8.3950 5.8850 7.8950
1821 6.3350 8.3950 3 6.3350 8.3450 6.7850 8.8450 6.2850 8.3950
1822 7.1850 9.1450 2 6.3850 8.3450 6.7850 8.8450
1823 6.7850 8.8450 3 6.3350 8.3950 7.1850 9.1450 6.4850 8.6450
1824 6.4850 8.1450 3 6.5350 8.1450 5.6850 7.3450 6.4850 8.1950
1825 6.5350 8.0950 3 6.5350 8.1450 6.0850 7.6450 6.5850 8.0950
1826 6.5350 8.1450 3 6.4850 8.1450 6.5350 8.0950 6.9850 8.5950
1827 5.6850 7.3450 3 6.4850 8.1450 6.0850 7.6450 5.6293 7.3005
1828 6.0850 7.6450 3 6.5350 8.0950 5.6850 7.3450 6.3850 7.8450
1829 6.9350 7.5950 3 6.9850 7.5950 6.5517 7.2117 6.9350 7.6450
1830 6.9850 7.5950 2 6.9350 7.5950 6.9850 7.5450
1831 6.9850 7.5450 3 6.9850 7.5950 6.6850 7.2450 7.0350 7.5450
1832 6.5517 7.2117 3 6.9350 7.5950 6.6482 7.2292 6.4183 7.1783
1833 6.6482 7.2292 3 6.5517 7.2117 6.6850 7.2450 6.7850 7.1950
1834 6.6850 7.2450 3 6.9850 7.5450 6.6482 7.2292 6.8350 7.2950
1835 6.7850 7.8450 3 7.5850 8.6450 6.7850 7.7950 6.7350 7.8450
1836 7.5850 8.6450 2 7.1850 8.3450 6.7850 7.8450
1837 7.1850 8.3450 3 7.5850 8.6450 6.8850 8.1450 6.7350 7.8950
1838 6.7850 7.6950 3 6.8850 7.7950 6.5850 7.5950 6.8850 7.6950
1839 6.5850 7.5950 3 6.7850 7.6950 6.7850 7.7950 6.2850 7.3950
1840 6.7850 7.7950 3 6.5850 7.5950 6.8850 7.7950 6.7850 7.8450
1841 6.8850 7.7950 3 6.7850 7.6950 6.7850 7.7950 7.0850 7.8950
1842 6.9350 7.6450 3 7.3850 8.0950 6.8850 7.6450 6.9350 7.5950
1843 6.8850 7.6450 3 6.9350 7.6450 6.8850 7.6950 6.4183 7.1783
1844 6.8850 7.6950 3 6.8850 7.6450 7.0850 7.8950 6.7850 7.6950
1845 7.3850 8.0950 2 6.9350 7.6450 7.0850 7.8950
1846 7.0850 7.8950 3 6.8850 7.6950 7.3850 8.0950 6.8850 7.7950
1847 6.6850 7.9450 3 6.8850 8.1450 6.5850 7.9450 6.6850 7.8950
1848 6.5850 7.9450 3 6.6850 7.9450 6.6850 8.0450 6.3850 7.8450
1849 6.8850 8.1450 3 6.6850 7.9450 6.6850 8.0450 7.1850 8.3450
1850 6.6850 8.0450 3 6.5850 7.9450 6.8850 8.1450 6.5850 8.0450
1851 7.1350 7.4450 2 7.0850 7.4450 7.1350 7.3950
1852 7.0850 7.4450 3 7.1350 7.4450 7.0850 7.4950 6.9600 7.3200
1853 7.0850 7.4950 2 7.0850 7.4450 7.0350 7.4950
1854 -7.1650 4.4950 2 -7.1650 4.4450 -7.1650 4.5450
1855 -7.1650 4.4450 2 -7.1650 4.4950 -7.1650 4.3950
1856 -5.7900 7.0950 2 -5.8650 7.2450 -5.7900 7.0450
1857 -5.7650 6.9950 1 -5.7900 7.0200
1858 -5.9150 7.0450 2 -5.9150 7.3950 -6.9650 7.0450
1859 -6.9650 7.0450 3 -6.9450 7.0950 -5.9150 7.0450 -6.9800 7.0100
1860 -6.9800 7.0100 3 -7.7150 7.7450 -6.9650 7.0450 -6.9858 6.9950
1861 -6.9858 6.9950 3 -7.0171 6.9200 -6.9800 7.0100 -5.8900 6.9950
1862 -8.3650 4.5950 1 -8.2650 4.6450
1863 -8.2650 4.6450 2 -8.3650 4.5950 -8.1150 4.6950
1864 -7.9150 4.7450 2 -7.7900 4.7700 -8.1150 4.6950
1865 -7.7900 4.7700 3 -7.9150 4.7450 -7.9150 4.7950 -7.1778 4.7700
1866 -7.9150 4.7950 2 -7.7900 4.7700 -8.1150 4.8450
1867 0.6850 3.1450 2 0.4850 3.0950 0.8350 3.1950
1868 -0.5400 0.7950 2 -0.5400 0.8450 -0.5400 0.7450
1869 -0.5400 0.8450 2 -0.5400 0.7950 -0.5400 0.8950
1870 2.7850 0.7450 2 2.7850 0.7950 2.7850 0.6950
1871 2.7850 0.6950 2 2.7850 0.7450 2.7850 0.6450
1872 0.9850 1.6450 1 0.8850 1.6950
1873 0.8850 1.6950 2 0.9850 1.6450 0.7350 1.7450
1874 0.7350 1.7450 2 0.8850 1.6950 0.5350 1.7950
1875 -0.5352 1.7450 2 -0.5376 1.6950 -0.5319 1.7950
1876 -0.5319 1.7950 2 -0.5352 1.7450 -0.5279 1.8450
1877 -0.5376 1.6950 2 -0.5352 1.7450 -0.5392 1.6450
1878 -0.5392 1.6450 2 -0.5376 1.6950 -0.5400 1.5950
1879 -0.5400 1.5950 2 -0.5392 1.6450 -0.5400 1.5450
1880 0.7350 2.2950 2 0.8850 2.2450 0.6350 2.3200
1881 1.6350 1.2950 2 1.7850 1.3450 1.5350 1.2450
1882 1.5350 1.2450 1 1.6350 1.2950
1883 -0.5400 1.2450 2 -0.5400 1.1950 -0.5400 1.2950
1884 -0.5400 1.1950 2 -0.5400 1.2450 -0.5400 1.1450
1885 -0.5400 1.0450 2 -0.5400 0.9950 -0.5400 1.0950
1886 -0.5400 0.9950 2 -0.5400 1.0450 -0.5400 0.9450
1887 -0.5400 0.8950 2 -0.5400 0.9450 -0.5400 0.8450
1888 -0.5400 0.9450 2 -0.5400 0.8950 -0.5400 0.9950
1889 -3.9900 -0.7050 2 -3.9900 -0.7550 -3.9900 -0.6550
1890 -3.9900 -0.7550 2 -3.9900 -0.7050 -3.9900 -0.8050
1891 -0.4900 -0.5706 3 -0.3650 -0.5550 -0.4920 -0.5550 -0.4900 -0.6050
1892 -3.9900 -0.3050 2 -3.9900 -0.3550 -3.9900 -0.2550
1893 -0.5400 0.2106 3 -0.6650 0.1950 -0.5380 0.1950 -0.5400 0.2450
1894 -0.5142 -0.2550 2 -0.5150 -0.2050 -0.5125 -0.3050
1895 -0.5150 -0.2050 2 -0.5142 -0.2550 -0.5150 -0.1550
1896 -1.9150 -0.0550 2 -1.7650 -0.0050 -2.0150 -0.1050
1897 5.7850 5.9450 2 5.7850 5.8950 5.7850 5.9950
1898 5.7850 5.8950 2 5.7850 5.9450 5.7850 5.8450
1899 5.7850 5.9950 2 5.7850 5.9450 5.7850 6.0450
1900 -0.5319 1.8950 2 -0.5279 1.8450 -0.5352 1.9450
1901 -0.5279 1.8450 3 -0.5319 1.8950 -0.5319 1.7950 0.2850 1.8450
1902 -3.9891 1.5950 2 -3.9874 1.6450 -3.9900 1.5450
1903 -3.9874 1.6450 2 -3.9891 1.5950 -3.9848 1.6950
1904 -3.9814 1.7450 2 -3.9848 1.6950 -3.9771 1.7950
1905 -3.9848 1.6950 2 -3.9814 1.7450 -3.9874 1.6450
1906 -3.9900 1.5450 2 -3.9891 1.5950 -3.9900 1.4950
1907 -3.9900 1.4950 2 -3.9900 1.4450 -3.9900 1.5450
1908 -3.9900 1.3950 2 -3.9900 1.4450 -3.9900 1.3450
1909 -3.9900 1.4450 2 -3.9900 1.3950 -3.9900 1.4950
1910 -7.1400 1.2950 2 -7.1400 1.3450 -7.1400 1.2450
1911 -7.1400 1.4950 2 -7.1400 1.4450 -7.1400 1.5450
1912 -7.1400 1.4450 2 -7.1400 1.4950 -7.1400 1.3950
1913 -7.1400 0.5950 2 -7.1400 0.6450 -7.1400 0.5450
1914 -7.1400 0.6450 2 -7.1400 0.5950 -7.1400 0.6950
1915 -7.1400 0.7450 2 -7.1400 0.6950 -7.1400 0.7950
1916 -7.1400 0.6950 2 -7.1400 0.7450 -7.1400 0.6450
1917 -7.1390 0.8950 2 -7.1400 0.9450 -7.1379 0.8700
1918 -7.1379 0.8700 3 -7.1390 0.8450 -7.1390 0.8950 -6.0150 0.8700
1919 -7.1400 0.9450 2 -7.1390 0.8950 -7.1400 0.9950
1920 -7.1400 0.9950 2 -7.1400 0.9450 -7.1400 1.0450
1921 -0.5400 2.4950 2 -0.5392 2.4450 -0.5400 2.5450
1922 -0.5392 2.4450 2 -0.5400 2.4950 -0.5376 2.3950
1923 -0.5376 2.3950 2 -0.5392 2.4450 -0.5352 2.3450
1924 -0.5352 2.3450 2 -0.5376 2.3950 -0.5335 2.3200
1925 -0.5335 2.3200 3 -0.5352 2.2950 -0.5352 2.3450 0.6350 2.3200
1926 0.6350 2.3200 3 -0.5335 2.3200 0.7350 2.3450 0.7350 2.2950
1927 0.9850 2.4450 1 0.8850 2.3950
1928 -0.5400 2.5450 2 -0.5400 2.4950 -0.5400 2.5950
1929 2.7850 2.5950 2 2.7850 2.5450 2.7850 2.6450
1930 -0.5376 2.2450 2 -0.5392 2.1950 -0.5352 2.2950
1931 -0.5392 2.1950 2 -0.5376 2.2450 -0.5400 2.1450
1932 -0.5400 0.5950 2 -0.5400 0.6450 -0.5400 0.5450
1933 -0.5400 0.5450 2 -0.5400 0.4950 -0.5400 0.5950
1934 -0.5400 0.6450 2 -0.5400 0.5950 -0.5400 0.6950
1935 -0.5400 0.6950 2 -0.5400 0.7450 -0.5400 0.6450
1936 -3.9900 0.9450 2 -3.9900 0.8950 -3.9900 0.9950
1937 -3.9900 0.8450 2 -3.9900 0.8950 -3.9900 0.7950
1938 -3.9900 0.8950 2 -3.9900 0.8450 -3.9900 0.9450
1939 -3.9650 2.0450 2 -3.9650 1.9950 -3.9650 2.0950
1940 -3.9650 1.9950 2 -3.9650 2.0450 -3.9650 1.9450
1941 -3.9650 1.9013 3 -3.9650 1.9450 -3.9659 1.8950 -3.9150 1.8950
1942 -3.9659 1.8950 2 -3.9650 1.9013 -3.9719 1.8450
1943 -3.9650 1.9450 2 -3.9650 1.9013 -3.9650 1.9950
1944 -7.1900 5.6950 2 -7.1900 5.7450 -7.1900 5.6450
1945 -7.1900 5.7450 2 -7.1900 5.6950 -7.1900 5.7950
1946 -7.1900 5.9950 2 -7.1900 5.9450 -7.1900 6.0450
1947 -7.1900 5.9450 2 -7.1900 5.9950 -7.1900 5.8950
1948 -7.1864 5.4450 2 -7.1900 5.4700 -7.1803 5.3950
1949 -7.1900 5.4700 3 -7.1864 5.4450 -7.1900 5.4950 -7.3650 5.4450
1950 -7.1900 5.4950 2 -7.1900 5.4700 -7.1900 5.5450
1951 -7.1900 5.6450 2 -7.1900 5.5950 -7.1900 5.6950
1952 -7.1900 5.5950 2 -7.1900 5.6450 -7.1900 5.5450
1953 2.7100 4.2950 2 2.7100 4.3450 2.7100 4.2450
1954 2.7100 4.3450 2 2.7100 4.2950 2.7100 4.3950
1955 5.7658 6.7450 2 5.7629 6.7950 5.7696 6.6950
1956 6.6850 7.8950 3 6.7350 7.8950 5.8850 7.0950 6.6850 7.9450
1957 6.7350 7.8450 3 6.7350 7.8950 6.2850 7.3950 6.7850 7.8450
1958 6.7350 7.8950 3 6.6850 7.8950 6.7350 7.8450 7.1850 8.3450
1959 5.8850 7.0950 3 6.6850 7.8950 6.2850 7.3950 5.7558 6.9916
1960 6.2850 7.3950 3 6.7350 7.8450 5.8850 7.0950 6.5850 7.5950
1961 -5.8650 6.9700 2 -5.8817 6.9783 -5.8400 6.9700
1962 -5.8817 6.9783 3 -5.8650 6.9700 -5.8900 6.9950 -5.9400 6.9200
1963 -5.8400 6.9700 2 -5.8650 6.9700 -5.7900 7.0200
1964 -5.8900 6.9950 2 -5.8817 6.9783 -6.9858 6.9950
1965 -5.7900 7.0200 3 -5.8400 6.9700 -5.7900 7.0450 -5.7650 6.9950
1966 -5.7900 7.0450 2 -5.7900 7.0200 -5.7900 7.0950
1967 -0.5400 2.9294 3 -0.5420 2.9450 -0.5400 2.8950 -0.4150 2.9450
1968 -0.5400 2.8950 2 -0.5400 2.9294 -0.5400 2.8450
1969 -0.5400 2.8450 2 -0.5400 2.8950 -0.5400 2.7950
1970 2.7850 0.6450 2 2.7850 0.5950 2.7850 0.6950
1971 2.7850 0.5950 2 2.7850 0.6450 2.7850 0.5450
1972 2.7850 0.5236 3 2.9850 0.4950 2.7850 0.5450 2.7810 0.4950
1973 2.7850 0.5450 2 2.7850 0.5236 2.7850 0.5950
1974 0.5350 1.8950 2 0.7350 1.9450 0.2850 1.8450
1975 -0.5400 1.0950 2 -0.5400 1.1450 -0.5400 1.0450
1976 -0.5400 1.1450 2 -0.5400 1.0950 -0.5400 1.1950
1977 -0.4900 -0.8050 2 -0.4900 -0.7550 -0.4900 -0.8550
1978 -0.4900 -0.7550 2 -0.4900 -0.8050 -0.4900 -0.7050
1979 -0.4978 -0.5050 2 -0.4920 -0.5550 -0.5027 -0.4550
1980 -0.4920 -0.5550 2 -0.4978 -0.5050 -0.4900 -0.5706
1981 -0.4900 -0.7050 2 -0.4900 -0.7550 -0.4900 -0.6550
1982 -3.9900 -0.3550 2 -3.9900 -0.4050 -3.9900 -0.3050
1983 -3.9900 -0.4050 2 -3.9900 -0.3550 -3.9900 -0.4550
1984 -0.5027 -0.4550 2 -0.5068 -0.4050 -0.4978 -0.5050
1985 -0.5068 -0.4050 2 -0.5027 -0.4550 -0.5101 -0.3550
1986 -0.5125 -0.3050 2 -0.5101 -0.3550 -0.5142 -0.2550
1987 -0.5101 -0.3550 2 -0.5125 -0.3050 -0.5068 -0.4050
1988 -0.5400 0.2950 2 -0.5400 0.2450 -0.5400 0.3450
1989 -0.5400 0.2450 2 -0.5400 0.2106 -0.5400 0.2950
1990 -1.0150 0.1450 2 -1.3150 0.0950 -0.6650 0.1950
1991 -0.6650 0.1950 2 -0.5400 0.2106 -1.0150 0.1450
1992 -2.0150 -0.1050 1 -1.9150 -0.0550
1993 2.7850 -0.7550 2 2.7850 -0.7050 2.7850 -0.8050
1994 2.7850 -0.7050 2 2.7850 -0.7550 2.7850 -0.6550
1995 2.7850 -0.8050 2 2.7850 -0.8550 2.7850 -0.7550
1996 2.7850 -0.8550 2 2.7850 -0.8050 2.7850 -0.9050
1997 2.7850 -0.9550 2 2.7850 -0.9050 2.7850 -1.0050
1998 2.7850 -0.9050 2 2.7850 -0.9550 2.7850 -0.8550
1999 5.7850 6.0950 2 5.7850 6.0450 5.7850 6.1450
2000 5.7850 6.0450 2 5.7850 6.0950 5.7850 5.9950
2001 -3.9900 1.1950 2 -3.9900 1.2450 -3.9900 1.1450
2002 -3.9900 1.3450 2 -3.9900 1.3950 -3.9900 1.2950
2003 -3.9900 1.2950 2 -3.9900 1.2450 -3.9900 1.3450
2004 -3.9900 1.2450 2 -3.9900 1.2950 -3.9900 1.1950
2005 -7.1400 1.0450 2 -7.1400 0.9950 -7.1400 1.0950
2006 -7.1400 1.0950 2 -7.1400 1.0450 -7.1400 1.1450
2007 -5.9650 0.8950 1 -6.0150 0.8700
2008 -6.0150 0.8700 3 -5.9650 0.8950 -5.9650 0.8450 -7.1379 0.8700
2009 -5.9650 0.8450 1 -6.0150 0.8700
2010 0.8850 2.3950 2 0.7350 2.3450 0.9850 2.4450
2011 0.7350 2.3450 2 0.8850 2.3950 0.6350 2.3200
2012 2.7850 2.6950 2 2.7850 2.6450 2.7850 2.7450
2013 2.7850 2.6450 2 2.7850 2.6950 2.7850 2.5950
2014 -3.9650 2.0950 2 -3.9650 2.0450 -3.9650 2.1450
2015 -0.5400 0.3450 2 -0.5400 0.2950 -0.5400 0.3950
2016 -0.5400 0.3950 2 -0.5400 0.4450 -0.5400 0.3450
2017 5.7802 6.5950 2 5.7850 6.5593 5.7744 6.6450
2018 -0.0650 2.9950 2 -0.4150 2.9450 0.2350 3.0450
2019 -0.4150 2.9450 2 -0.0650 2.9950 -0.5400 2.9294
2020 -0.5400 2.7450 2 -0.5400 2.7950 -0.5400 2.6950
2021 -0.5400 2.7950 2 -0.5400 2.7450 -0.5400 2.8450
2022 0.8350 3.1950 2 0.9350 3.2450 0.6850 3.1450
2023 0.9350 3.2450 1 0.8350 3.1950
2024 2.7660 0.3700 3 2.7610 0.2450 2.7810 0.4950 1.5850 0.3700
2025 2.7810 0.4950 2 2.7850 0.5236 2.7660 0.3700
2026 -0.5400 1.5450 2 -0.5400 1.4950 -0.5400 1.5950
2027 -0.5400 1.4950 2 -0.5400 1.5450 -0.5400 1.4450
2028 -0.5400 1.3950 2 -0.5400 1.4450 -0.5400 1.3450
2029 -0.5400 1.4450 2 -0.5400 1.3950 -0.5400 1.4950
2030 0.5350 1.7950 2 0.2850 1.8450 0.7350 1.7450
2031 0.2850 1.8450 3 0.5350 1.7950 0.5350 1.8950 -0.5279 1.8450
2032 -0.4900 -0.6050 2 -0.4900 -0.6550 -0.4900 -0.5706
2033 -0.4900 -0.6550 2 -0.4900 -0.6050 -0.4900 -0.7050
2034 -3.9900 -0.2050 2 -3.9900 -0.2550 -3.9900 -0.1550
2035 -3.9900 -0.2550 2 -3.9900 -0.2050 -3.9900 -0.3050
2036 -3.9900 0.2450 2 -3.9900 0.1950 -3.9900 0.2950
2037 -3.9900 0.1950 2 -3.9900 0.2450 -3.9900 0.1450
2038 -3.9900 0.0450 2 -3.9900 -0.0050 -3.9900 0.0950
2039 -3.9900 0.4950 2 -3.9900 0.5450 -3.9900 0.4450
2040 -3.9900 0.5450 2 -3.9900 0.4950 -3.9900 0.5950
2041 -3.9900 0.2950 2 -3.9900 0.2450 -3.9900 0.3450
2042 2.7850 -0.6550 2 2.7850 -0.6050 2.7850 -0.7050
2043 2.7850 -0.6050 2 2.7850 -0.6550 2.7850 -0.5550
2044 2.7850 -0.5550 2 2.7850 -0.6050 2.7850 -0.5050
2045 -7.1400 1.3450 2 -7.1400 1.3950 -7.1400 1.2950
2046 -7.1400 1.3950 2 -7.1400 1.3450 -7.1400 1.4450
2047 -7.1400 1.2450 2 -7.1400 1.2950 -7.1400 1.1950
2048 -3.9900 1.1450 2 -3.9900 1.1950 -3.9900 1.0950
2049 -3.9650 2.2450 2 -3.9650 2.2950 -3.9650 2.1950
2050 5.7696 6.6950 2 5.7744 6.6450 5.7658 6.7450
2051 5.7744 6.6450 2 5.7696 6.6950 5.7802 6.5950
2052 -3.9900 -0.0050 2 -3.9900 -0.0550 -3.9900 0.0450
2053 -3.9900 -0.0550 2 -3.9900 -0.0050 -3.9900 -0.1050
2054 -3.9900 -0.1550 2 -3.9900 -0.1050 -3.9900 -0.2050
2055 -3.9900 -0.1050 2 -3.9900 -0.1550 -3.9900 -0.0550
2056 -3.9900 0.1450 2 -3.9900 0.0950 -3.9900 0.1950
2057 -3.9900 0.0950 2 -3.9900 0.1450 -3.9900 0.0450
2058 -3.9900 0.7450 2 -3.9900 0.6950 -3.9900 0.7950
2059 -3.9900 0.6950 2 -3.9900 0.7450 -3.9900 0.6450
2060 -3.9900 0.5950 2 -3.9900 0.6450 -3.9900 0.5450
2061 -3.9900 0.6450 2 -3.9900 0.5950 -3.9900 0.6950
2062 -3.9900 0.3450 2 -3.9900 0.2950 -3.9900 0.3950
2063 2.7850 -0.4050 2 2.7850 -0.3550 2.7850 -0.4550
2064 -7.1400 1.1450 2 -7.1400 1.1950 -7.1400 1.0950
2065 -7.1400 1.1950 2 -7.1400 1.1450 -7.1400 1.2450
2066 -3.9900 1.0950 2 -3.9900 1.1450 -3.9900 1.0450
2067 -3.9650 2.1450 2 -3.9650 2.1950 -3.9650 2.0950
2068 -3.9650 2.1950 2 -3.9650 2.1450 -3.9650 2.2450
2069 1.5850 0.3700 3 2.7660 0.3700 1.5350 0.3950 1.5350 0.3450
2070 1.5350 0.3950 1 1.5850 0.3700
2071 -3.9900 0.4450 2 -3.9900 0.3950 -3.9900 0.4950
2072 -3.9900 0.3950 2 -3.9900 0.4450 -3.9900 0.3450
2073 2.7850 -0.5050 2 2.7850 -0.4550 2.7850 -0.5550
2074 2.7850 -0.4550 2 2.7850 -0.5050 2.7850 -0.4050
2075 -3.9900 0.9950 2 -3.9900 1.0450 -3.9900 0.9450
2076 -3.9900 1.0450 2 -3.9900 0.9950 -3.9900 1.0950
2077 1.5350 0.3450 1 1.5850 0.3700
